id,domain,status,purchase_price,renewal_price,attractiveness,demand,length,registrar,created_at,expires_at
0007345f-2ee6-4ebc-b73f-af9ef0392a27,thanksaheap.moi,available,39.99,,54,0,13,name.com,,
00096817-9c49-4581-a68b-143a49c8d1dc,chiefjustice.moi,available,39.99,,64,2,13,name.com,,
00192891-0828-482f-86ae-4d0140765cf1,niggers.moi,available,39.99,,37,13,7,name.com,,
00465429-433d-4f3f-ab5c-7918545354d4,ofapiece.moi,available,39.99,,52,2,10,name.com,,
00501855-9cde-419a-a10e-5d2d5b5872db,neckdeep.moi,available,39.99,,59,2,9,name.com,,
0069f5cb-67dd-466e-a3fa-eaf2e20f5779,tunnelvision.moi,available,39.99,,60,9,13,name.com,,
0075fa87-fadf-4245-bc33-6ba5b9f1e50d,quantities.moi,available,39.99,,43,2,10,name.com,,
0077273c-7477-443d-aff3-7431cdfa4647,getwet.moi,available,39.99,,74,5,7,name.com,,
007c657d-cef2-4c0f-aa23-af38a58189cf,RedNoseDay.moi,premium,,,61,5,12,,,
007e53b2-0f03-4da4-81bd-eace8e8cf8c9,postponement.moi,available,39.99,,57,1,12,name.com,,
008178cf-2227-4856-8a1e-d284bcb87535,votes.moi,available,39.99,,60,11,5,name.com,,
0082ebaf-253a-4ec9-a514-7100889f4a49,havethehotsfor.moi,available,39.99,,60,4,17,name.com,,
0085911b-4e0d-45c8-8f49-9a07e4f63487,haveto.moi,available,39.99,,78,3,7,name.com,,
0087c4eb-077f-4748-a944-169746893b5f,appraised.moi,available,25.99,25.99,50,4,9,namesilo,,
00887a00-227c-47b7-b5af-edc19c757f6a,rivals.moi,available,25.99,25.99,48,20,6,namesilo,,
0094c678-d5d3-4884-8174-aa3033405a7b,whatnot.moi,available,39.99,,58,33,8,name.com,,
00cdeea7-a7e7-4a92-b444-27b4b82338b5,peppermintoil.moi,available,39.99,,72,2,14,name.com,,
00d6a553-3990-4b5f-a9a6-d51ed504647c,deeppockets.moi,available,39.99,,78,3,12,name.com,,
00d7a089-3ed0-4a49-88e3-b4d9babb280b,gobigorgohome.moi,available,39.99,,68,3,17,name.com,,
00e4ef7d-627d-4b30-920b-adfa8d2862e2,clearsailing.moi,available,39.99,,72,1,13,name.com,,
00ff396e-b973-470c-a7be-4428bfd2b777,deepdish.moi,available,39.99,,78,4,9,name.com,,
010e29ee-0065-406c-8bcc-5e071e4dade1,GeneralTaochicken.moi,premium,,,70,1,19,,,
011fed3d-3433-455b-a285-6fa062ab3a99,atthesametime.moi,available,39.99,,70,1,16,name.com,,
01219114-da9c-4ceb-a5fa-a5092881a3fa,instate.moi,available,39.99,,66,4,8,name.com,,
0121d520-3c98-452e-a364-f9e6410499bc,coffeemoney.moi,available,39.99,,80,2,12,name.com,,
0151c808-ca95-48aa-9821-d6d1ae1ea8d0,arguement.moi,available,39.99,,60,1,9,name.com,,
017a278e-ac01-4aea-a352-1e64fc606179,distinctivepaper.moi,available,39.99,,72,1,17,name.com,,
01913189-5ba5-4972-bad9-6f1fdc198d2e,reebok.moi,available,39.99,,89,10,6,name.com,,
01933312-9408-44eb-8c29-fddb57115513,midJanuary.moi,premium,,,80,1,11,,,
019d72fb-91ba-4f20-ab31-c81b75491082,coverart.moi,available,39.99,,78,9,9,name.com,,
01b422dd-2542-4359-bc25-25317ced56c3,setloose.moi,available,39.99,,72,3,9,name.com,,
01b46a1d-38c2-453f-bceb-ef49251669fe,wordofmouth.moi,available,39.99,,64,20,13,name.com,,
01b5fa2c-95f3-4aa8-9601-69df367a5006,safersex.moi,available,39.99,,76,5,9,name.com,,
01bc8ac1-e388-4749-9eeb-35611616766e,lockkey.moi,available,39.99,,80,1,8,name.com,,
01c52528-2339-45a7-b0e6-3b66a52cd405,Frenchlavender.moi,premium,,,72,5,15,,,
01ea00d9-b4c8-4193-8c15-f8dcf77acfee,Romanfoot.moi,premium,,,44,2,10,,,
01ec4c52-208f-41f9-9de5-23d2b509e9db,slightest.moi,available,39.99,,56,1,9,name.com,,
01f21d67-26a7-47b5-aec9-dea2149b6c56,teenyweeny.moi,available,39.99,,78,2,11,name.com,,
020a5365-535b-49e2-80f4-f4071e54849f,Idodeclare.moi,premium,,,58,2,12,,,
0251bcea-97e9-46f8-a2b5-f114bd251a8f,fitlikeaglove.moi,available,39.99,,76,1,16,name.com,,
0255b4fb-676d-4c5c-87df-7d8b90d5902b,windowseat.moi,available,39.99,,78,6,11,name.com,,
0257841e-cdea-462d-8081-933b0a344102,generallyspeaking.moi,available,39.99,,58,2,18,name.com,,
02683f16-b0af-44fb-ae37-8cd2274167d6,olives.moi,available,25.99,25.99,56,11,6,namesilo,,
02701fa5-5ea1-49d6-a253-086063c4a469,StVincent.moi,premium,,,70,6,11,,,
02702f46-cf24-4964-a7ad-0796dbeb73e4,neighboring.moi,available,39.99,,67,5,11,name.com,,
02bfa088-0fb1-43bd-8e05-61227bf4e985,makethefirstmove.moi,available,39.99,,70,2,19,name.com,,
02cebdd1-9ec9-44f9-9348-5bc1be37081d,pencilpouch.moi,available,39.99,,74,1,12,name.com,,
02e7ac99-f76b-4bd7-89f9-1bbcf6eed22c,makethefinalcut.moi,available,39.99,,50,1,18,name.com,,
02e9433a-5656-4b8f-ba0e-453f32612638,executivecontrol.moi,available,39.99,,64,1,17,name.com,,
02f6d137-dca9-46c4-92b2-0321ef7dedea,aboutto.moi,available,39.99,,56,2,8,name.com,,
02fbdb9d-8396-4dfc-b258-71d62925322a,givesomeonealift.moi,available,39.99,,68,12,19,name.com,,
03032d8e-9ced-4764-b617-91f8060f1bb2,WestHaven.moi,premium,,,60,10,10,,,
0337b32d-b66e-43c4-80b0-584c649215ae,greatgranddaughter.moi,available,39.99,,68,1,19,name.com,,
033e0db4-e26a-4850-8678-bd5057e91fb0,clearthetable.moi,available,39.99,,64,1,15,name.com,,
0341ff10-2460-4cff-abce-407f04e2aeb6,howdoyoulikethat.moi,available,39.99,,52,4,20,name.com,,
0349c626-9899-483f-82a2-7bad9e5d573f,influenced.moi,available,39.99,,66,9,10,name.com,,
034f1f22-dde7-43d9-a5e4-2e39d65941e8,loaned.moi,available,39.99,,52,3,6,name.com,,
0351e6a2-349c-4f09-b93d-306667f49ef6,estatetrustee.moi,available,39.99,,42,2,14,name.com,,
035254ff-73db-4f4d-8a77-040f9a541758,gothere.moi,available,39.99,,68,8,8,name.com,,
0366f3c5-e356-4081-a074-411306074053,comics.moi,available,39.99,,68,24,6,name.com,,
036e29b8-b6d2-4a78-b488-1b38552f97af,targets.moi,available,39.99,,54,10,7,name.com,,
037ce199-a6f9-4bd4-83af-1e01dd112352,Sundayroast.moi,premium,,,84,4,12,,,
03943d4e-025d-4ec2-b436-82a014706239,hangbyathread.moi,available,39.99,,56,1,16,name.com,,
03a655b9-9a2f-4bc1-bb41-42b8a6e3824d,probablecause.moi,available,39.99,,55,2,14,name.com,,
03ae8b3a-d5a1-4173-ba0f-c5e4c20e2eb1,designers.moi,available,25.99,25.99,72,15,9,namesilo,,
03c2e255-f82f-4f03-a2e8-7554be0aeb7c,NASAsupported.moi,premium,,,60,1,14,,,
03c58f2f-0ee0-4ff2-aaff-2f349138eeec,establishment.moi,available,39.99,,60,6,13,name.com,,
03c8b2e7-c35a-490c-8bfe-f69b5ec8ad38,supplies.moi,available,39.99,,52,13,8,name.com,,
03cdece9-fb03-4b93-ade4-710d13b9165e,ratings.moi,available,39.99,,53,19,7,name.com,,
03d30d54-4295-4d2b-89b5-b1407cf8cdd9,equals.moi,available,25.99,25.99,62,10,6,namesilo,,
03db87d6-e571-4c18-943a-26a80f5398ae,Citibank.moi,premium,,,74,67,8,,,
03eb02eb-28f7-4164-ad3e-b5b38b7ab35b,blogs.moi,available,25.99,25.99,52,21,5,namesilo,,
03f91c92-c4c7-43aa-b958-6748255fca29,construction.moi,available,39.99,,70,31,12,name.com,,
04474d89-7b88-4952-828d-dcce1baa670d,playin.moi,available,39.99,,80,10,7,name.com,,
044e459a-36d3-4426-84b9-4a2f2b729968,setthestage.moi,available,39.99,,66,3,13,name.com,,
0467ba46-8702-4721-8b3b-01706d9dca09,shakehands.moi,available,39.99,,85,9,11,name.com,,
04a84e81-9241-40b0-baf0-6ba97fac4882,potentiality.moi,available,39.99,,72,13,12,name.com,,
04b03b6b-93bf-4524-8e19-9a87030eaf42,justintime.moi,available,39.99,,68,16,12,name.com,,
04b92c50-c28f-4785-a882-9001ab90ebe8,BlackDeath.moi,premium,,,56,16,11,,,
04bc6f61-eba0-45d1-8832-4c4d4e4b61ab,SuezCanal.moi,premium,,,58,3,10,,,
04be812e-d9d5-486e-aebc-06585757def4,artgallery.moi,available,39.99,,80,12,11,name.com,,
04bebd0c-d960-4d18-969c-73d04434506f,Keith.moi,premium,,,66,25,5,,,
04c3e56f-3eba-4361-a09e-7eb2e0318e09,assoonaspossible.moi,available,39.99,,50,1,19,name.com,,
04da2c67-e4ad-4791-ae30-e78c96e7281e,springfor.moi,available,39.99,,72,0,10,name.com,,
04dea117-c202-422a-9e4b-55045ab908ce,enterinto.moi,available,39.99,,70,1,10,name.com,,
04df2540-7298-43eb-ab8e-17fa6b267323,waterfountain.moi,available,39.99,,70,4,14,name.com,,
050d6757-0c0c-4b68-b65b-80d7c7e4af74,waterflow.moi,available,39.99,,76,7,9,name.com,,
051f1ef3-b410-436b-85c5-7d3cbb00b19a,pops.moi,available,25.99,25.99,74,24,4,namesilo,,
051f9ba0-75e9-40c8-9be6-08a588238cb6,shells.moi,available,25.99,25.99,58,9,6,namesilo,,
052754c6-8b6a-43d7-bcc0-813b9c33f823,timeabout.moi,available,39.99,,60,0,10,name.com,,
052a5640-c3cd-494f-a49d-2e8019d9c763,safesex.moi,available,39.99,,78,8,8,name.com,,
0537ef05-b5d9-42dc-84b1-5ae660a6d7df,sides.moi,available,39.99,,54,12,5,name.com,,
054a0bf1-558a-400f-b68e-7f2a9968b417,sorethroat.moi,available,39.99,,64,2,11,name.com,,
054a8fa2-a013-4120-9a5b-8c5a8fed3cbe,locks.moi,available,39.99,,66,14,5,name.com,,
0552d042-d3b8-4d93-8123-ff6d73f0b4a3,lowback.moi,available,39.99,,66,2,8,name.com,,
055ac93d-1b0c-4c15-af45-45a508cba915,totheminute.moi,available,39.99,,39,1,13,name.com,,
0566d710-69d1-484e-86f3-7735c150a9a3,asoneman.moi,available,39.99,,48,0,10,name.com,,
059045f0-1f97-41fc-aed3-d874ab8234c8,makeme.moi,available,39.99,,56,13,7,name.com,,
05969d03-6ab9-4ff7-b919-28a457bb45ee,wrinkles.moi,available,39.99,,55,4,8,name.com,,
059adf87-a3db-4704-8904-cc72b774358a,deepinthought.moi,available,39.99,,52,1,15,name.com,,
05d76002-9abc-4985-9819-67185010bf51,permitted.moi,available,39.99,,64,5,9,name.com,,
05d79b59-5f07-4414-a73d-b3e101d03d5e,abovethefold.moi,available,39.99,,40,7,14,name.com,,
05de3635-6e99-4324-a56d-fa3c381d8c4b,socioeconomic.moi,available,39.99,,54,1,13,name.com,,
05eabcde-1b57-490d-8a88-2f0869eba79c,attable.moi,available,39.99,,72,3,8,name.com,,
05f99f5b-5773-466c-ab7e-eab649c8c69a,youknowwhat.moi,available,39.99,,34,8,13,name.com,,
06083389-5faa-4e57-8ea8-3b707c575726,commonmarket.moi,available,39.99,,60,2,13,name.com,,
06092eae-4a72-4334-8759-00d5e4657ef0,Frenchfried.moi,premium,,,70,2,12,,,
0619dbd6-6465-4ea8-95ad-c894d275e083,turnedoff.moi,available,39.99,,42,1,10,name.com,,
063f1ec2-4626-460e-9263-50a2c41d60c7,termination.moi,available,39.99,,71,3,11,name.com,,
0647ee0f-7d64-4d66-a5e0-208ccfff8334,getupto.moi,available,39.99,,74,2,9,name.com,,
0663a4e7-66d3-47f1-8fa9-b46745d6b4fa,amplifiers.moi,available,39.99,,56,4,10,name.com,,
0671151a-c7c6-426f-b7ed-49d14c00c555,StCharles.moi,premium,,,70,5,11,,,
067df0cc-cf82-4e74-9f7c-709a80dbf8d7,longlasting.moi,available,39.99,,68,3,12,name.com,,
0697c777-317f-42a8-a013-d9e17ff21df4,arrived.moi,available,39.99,,50,12,7,name.com,,
06a01152-50fc-44a4-83d8-6340ac1a08e6,megeneration.moi,available,39.99,,60,1,13,name.com,,
06b09982-8b00-4670-8f03-0e5d74f077a8,executiveprivilege.moi,available,39.99,,62,1,19,name.com,,
06b9171c-bfbe-415d-8a47-97f5aa3ac422,breakroom.moi,available,39.99,,70,7,10,name.com,,
06b9252a-a5ae-47ac-8af8-0e6fb5a019f4,inthewind.moi,available,39.99,,52,2,11,name.com,,
06c315a4-fbc8-434a-967f-aa7bd777d38b,strepthroat.moi,available,39.99,,68,2,12,name.com,,
06c5e48c-41cc-41ea-b90a-13c3d63a23a8,godeep.moi,available,39.99,,74,7,7,name.com,,
06d4cda7-5beb-4b00-aae8-597054ae7711,gowiththeflow.moi,available,39.99,,82,7,16,name.com,,
06d711a8-485e-40e7-b391-2c2fcf05de50,markets.moi,available,39.99,,62,29,7,name.com,,
06e62385-1f08-41b7-8a31-97abf097c6c2,SriLanka.moi,premium,,,68,94,9,,,
06f49d5a-1fae-431c-9d47-b4338050276a,scallops.moi,available,39.99,,52,3,8,name.com,,
06fd00a1-7f6b-42ad-b337-0d01e3a37324,Phillip.moi,premium,,,70,14,7,,,
070f01a7-d967-47fe-ba77-b762714fd885,Christalmighty.moi,premium,,,68,5,15,,,
07162475-b6af-4fd6-9348-89b18e59aa72,senseofsmell.moi,available,39.99,,42,2,14,name.com,,
073d3d8c-dbe1-4cb5-8276-899101af3ae6,foto.moi,premium,250,,76,28,4,name.com,,
074c66f7-966b-4b86-9aea-ae4a367866af,hookupwith.moi,available,39.99,,56,1,12,name.com,,
074c73c9-4008-4f9f-95c5-ee4ba07d4b16,grocerylist.moi,available,39.99,,70,6,12,name.com,,
07511ca2-68a2-4d18-8c30-ccdd1fa7addc,SouthTyrol.moi,premium,,,66,6,11,,,
076ce6e6-6643-4e1f-807f-854443bc58c6,astheycome.moi,available,39.99,,56,1,12,name.com,,
077e8e3e-ad59-4ee3-8c12-8deb57653105,letpast.moi,available,39.99,,75,1,8,name.com,,
0785efed-aab9-4290-b220-49ae64af5c86,stepdown.moi,available,39.99,,74,2,9,name.com,,
07a72878-3c34-4792-b74c-cca298f8475c,barbedwire.moi,available,39.99,,66,3,11,name.com,,
07ab4bfa-9c3e-469b-8491-62ddfc581c83,asfaras.moi,available,39.99,,58,1,9,name.com,,
07ab574c-a18a-42a5-a531-93031e7c42b3,portholes.moi,available,25.99,25.99,46,2,9,namesilo,,
07bb9e0e-eee4-445e-9562-a32b7a5de296,adds.moi,available,39.99,,56,9,4,name.com,,
07bcd0b1-b438-410a-b6fc-d687c15bddaa,took.moi,available,39.99,,52,11,4,name.com,,
07c3fdc1-b58a-4b20-8875-27da778df2b8,getoninyears.moi,available,39.99,,44,0,15,name.com,,
07ca7950-eb02-4968-afb1-3b5cff0328d3,willingness.moi,available,39.99,,79,3,11,name.com,,
07d506f9-14e2-4072-b7a5-96063b815586,fiftyfifty.moi,available,39.99,,68,12,11,name.com,,
07d84c7e-5e9f-4df1-a3f7-cb9520ada629,luncheonmeat.moi,available,39.99,,70,2,13,name.com,,
07e9c1ff-f420-4e2d-a41d-000015944ea6,redtape.moi,available,39.99,,56,16,8,name.com,,
07f139d3-2797-4bc0-92ef-7f9107bf3710,havethefloor.moi,available,39.99,,64,1,14,name.com,,
08003cc8-6333-4ccf-a064-9ac0a8cb2105,asaresultof.moi,available,39.99,,50,0,14,name.com,,
080e4cdf-f088-4a8e-9b50-a8d7068f00f8,turnout.moi,available,39.99,,76,9,8,name.com,,
080f548e-d9d4-4b94-95cb-965909215377,lordoftherings.moi,available,39.99,,80,5,17,name.com,,
081cd2a5-3631-4d03-acb3-48548ab6d6ed,Philippines.moi,premium,,,68,94,11,,,
0820978c-3980-445f-8a9c-febd6460d223,goodlife.moi,available,39.99,,60,33,9,name.com,,
0823eaa1-1309-4bc3-a71d-c3cc7f3ef31f,referredto.moi,available,39.99,,46,1,11,name.com,,
084a671c-8114-410b-ba22-6a6f69afa60f,wheretheheck.moi,available,39.99,,36,1,14,name.com,,
0871cef6-04ab-41a5-943b-9f1658e3992d,GermanReich.moi,premium,,,56,1,12,,,
08751293-1982-4686-8eb7-fb009cff67c0,inregardto.moi,available,39.99,,54,1,12,name.com,,
087e6a14-e97a-4831-8db5-702c5b7fed2d,trials.moi,available,39.99,,48,12,6,name.com,,
088a5737-80d5-42cd-9341-d0e4e01580e4,Iswear.moi,premium,,,58,2,7,,,
088c1836-5eac-4b22-b249-ec192002f562,lightup.moi,available,39.99,,82,15,8,name.com,,
08a4f799-beb6-4e72-9f08-78db6387811e,uptill.moi,available,39.99,,50,1,7,name.com,,
08afe6f7-868e-4791-afc8-ca687cab7212,spellingword.moi,available,39.99,,60,0,13,name.com,,
08b5d073-c4e4-457c-9850-766b1a50d3d2,dogsofwar.moi,available,39.99,,80,2,11,name.com,,
08b5e00f-a084-4d27-9a5a-1bc89ecad59e,costofgoodssold.moi,available,39.99,,62,1,18,name.com,,
08bf383a-5db0-48ba-83c3-e59d17fdca09,incompletesentence.moi,available,39.99,,60,1,19,name.com,,
08d218e7-9df2-49e1-8cd3-70b879d743ec,aboutship.moi,available,39.99,,74,1,10,name.com,,
08da5f30-5604-4d62-b369-1b6e83d24d95,VHS.moi,premium,,,71,20,3,,,
08e246fa-7185-4e45-82a3-581c87ef2051,Flags.moi,premium,,,64,15,5,,,
090c649d-2264-41f6-8669-d90f82c223d6,punched.moi,available,25.99,25.99,50,3,7,namesilo,,
090da314-1043-4c3c-b89c-ba5164049dba,fails.moi,available,39.99,,46,7,5,name.com,,
090fa3af-e59e-4edf-a098-cd6e27a90e27,Netherlands.moi,premium,,,76,93,11,,,
091641a8-669b-442e-8727-8b969342cb1f,silverspoon.moi,available,39.99,,77,18,12,name.com,,
091a8ef1-36b3-4ec1-9fc0-64e2656a0681,Ithinkso.moi,premium,,,58,4,10,,,
0924d845-c393-45ab-9af2-8547dc1e6ce7,privatestock.moi,available,39.99,,64,5,13,name.com,,
09251d18-23ee-4ff3-9bf0-6b4117ac84cb,shirtless.moi,available,39.99,,64,4,9,name.com,,
09263451-42cc-4e00-9291-95d35a2509d2,forestfire.moi,available,39.99,,62,5,11,name.com,,
092971a1-67c6-42ef-8f37-f32ec9aba55c,Blades.moi,premium,,,68,13,6,,,
0934322e-f7f1-4499-97f6-1887a8307ee8,cometrue.moi,available,39.99,,82,5,9,name.com,,
0938f36c-5c15-4c7f-aa30-4a2e4e442603,babybottle.moi,available,39.99,,74,3,11,name.com,,
093c92e9-36d0-4ec1-bc47-7cb3f136bf8f,suspecting.moi,available,39.99,,48,1,10,name.com,,
0941d605-2a71-4229-9b48-c78a01c1cade,bits.moi,available,39.99,,71,32,4,name.com,,
096ab7e5-7af6-4634-b310-52ea13dc1dda,pardonme.moi,available,39.99,,62,4,9,name.com,,
0971b149-2f4f-4c36-a06d-9650853415fc,ibanking.moi,available,25.99,25.99,76,7,9,namesilo,,
097ca0f3-7509-42a0-93aa-805674202841,keepupwith.moi,available,39.99,,76,2,12,name.com,,
09877769-a03f-4a4e-af57-e789863e4dd6,artnouveau.moi,available,39.99,,69,11,11,name.com,,
09949e0c-403f-4afc-a6bd-700080376e86,chiaseed.moi,available,39.99,,78,3,9,name.com,,
09a623f2-2428-4763-b918-d4d7f3c65dcb,muhfuckah.moi,available,39.99,,66,1,9,name.com,,
09b3dfe5-d703-42cf-83e5-45370b1fbd98,bowlofcherries.moi,available,39.99,,68,13,16,name.com,,
09bf57a8-164e-43bb-b1c3-35ab382db2d2,Fran.moi,premium,,,68,19,4,,,
09c351ca-54c5-4b17-ac1c-efc7d6eef9be,practicing.moi,available,39.99,,72,5,10,name.com,,
09c95f17-568b-488f-8322-3398a753d177,barwood.moi,available,39.99,,52,3,8,name.com,,
09daa3cd-5c44-4668-849b-99f873a68841,commontime.moi,available,39.99,,68,4,11,name.com,,
09e7c963-a84e-4981-90d6-3a075892eece,coffeegrinder.moi,available,39.99,,75,2,14,name.com,,
09fcf09b-e274-4efa-aa9c-bd91102eb2ea,finalized.moi,available,39.99,,52,2,9,name.com,,
09ffb4f4-18ef-4f81-98ad-96aa5fe95202,letonego.moi,available,39.99,,77,1,10,name.com,,
0a044b7c-1764-4ed3-ad13-f1bcf2545a73,Frenchpancake.moi,premium,,,72,1,14,,,
0a07f9e3-779c-4a40-baa4-b026fcd4b371,sedated.moi,available,39.99,,43,2,7,name.com,,
0a0b1cdc-c129-481b-9090-169f9397844e,justification.moi,available,39.99,,62,5,13,name.com,,
0a11c833-bdbf-4bd4-acc3-892934115330,naturalgas.moi,available,39.99,,70,7,11,name.com,,
0a13246b-3c09-4362-8a1f-90e7d13dd3d8,twentythree.moi,available,39.99,,65,7,12,name.com,,
0a14a2de-4ec1-4cce-b2ac-98d00efa93f3,visitors.moi,available,39.99,,62,10,8,name.com,,
0a1c02b9-6b42-4e2c-80c4-76ed0b54f59f,peed.moi,available,39.99,,54,4,4,name.com,,
0a42132c-4eff-417b-9415-ad2aa87d814b,kangeroo.moi,available,39.99,,80,1,8,name.com,,
0a4a17fa-9e47-4c8d-83dc-68d4fbc38474,thrilly.moi,available,39.99,,71,2,7,name.com,,
0a576d24-6581-4bc4-8969-b7d83dc6831b,unlocking.moi,available,39.99,,76,8,9,name.com,,
0a5812eb-21f7-446b-a3ec-f07ea6ce82bb,manyatimeandoft.moi,available,39.99,,54,1,19,name.com,,
0a5835eb-2906-4884-b575-5108acad1d03,childofthekitchen.moi,available,39.99,,60,6,20,name.com,,
0a6495fa-05fd-4fae-8c03-569d65456e63,reached.moi,available,39.99,,62,7,7,name.com,,
0a6f4522-6932-405b-a7b0-8aedf49a4881,inthemoment.moi,available,39.99,,48,7,13,name.com,,
0a712d9c-81d8-44b6-af15-e708cac384e2,kitchensink.moi,available,39.99,,68,6,12,name.com,,
0a82658a-edd2-4f81-86d1-7ac8cb4f927d,Xrays.moi,premium,,,52,5,6,,,
0a87bd06-832b-45c1-b8c1-df2ad08afc56,makegoodtime.moi,available,39.99,,74,1,14,name.com,,
0a93ae4f-3f58-4297-8755-077487d2072d,urged.moi,available,39.99,,60,3,5,name.com,,
0a96dd87-2611-46ab-b271-86f3c86e182c,hairbrush.moi,available,39.99,,76,6,10,name.com,,
0ab82663-978f-4995-b9db-1258dc75936d,units.moi,available,39.99,,56,16,5,name.com,,
0abd8af7-0eac-4ccf-8838-8c31caf4dab7,notarypublic.moi,available,39.99,,66,11,13,name.com,,
0add6f94-5c77-45e0-9c7e-ef6175bbe3fd,abovespecified.moi,available,39.99,,54,0,15,name.com,,
0ae2867d-5390-4ce8-bc28-f0a6e1cfdcb9,treeofsorrow.moi,available,39.99,,60,8,14,name.com,,
0af9736f-be8b-4271-aadb-774163be1e22,brought.moi,available,39.99,,56,8,7,name.com,,
0b1773ea-ac64-4e0b-9d24-077e7e40ee2f,citizens.moi,available,39.99,,60,19,8,name.com,,
0b28db9f-c02a-480c-a2ef-bc0a60d98c03,leasing.moi,available,39.99,,70,17,7,name.com,,
0b2f4e59-2f87-4497-9213-4c7e482e0351,takedown.moi,available,39.99,,74,11,9,name.com,,
0b39f750-40d3-4a53-807c-00478c9dfce2,diseases.moi,available,39.99,,40,5,8,name.com,,
0b44c762-4d4f-4dd1-95ce-82d7c30e2c64,believeyoume.moi,available,39.99,,48,9,14,name.com,,
0b48eb74-e4a4-445f-8468-bf2787cf7361,transported.moi,available,39.99,,61,4,11,name.com,,
0b58b7a6-02d4-414f-b0a5-e6044a33803f,seeingthat.moi,available,39.99,,58,1,11,name.com,,
0b5aa18c-5a76-4bc6-9693-be51876c02d3,communicationmix.moi,available,39.99,,66,1,17,name.com,,
0b72ff76-81d4-4c84-8667-26bd5e5d22b6,dustyrose.moi,available,39.99,,74,6,10,name.com,,
0b735ddc-871d-435e-b8ed-e4a76ec52815,mentalnote.moi,available,39.99,,54,3,11,name.com,,
0b7e593f-0ad3-44eb-b252-50b272469c4e,makewaves.moi,available,39.99,,78,8,10,name.com,,
0b809855-af37-44a6-99cf-0148fed516f9,intwoshakes.moi,available,39.99,,42,0,13,name.com,,
0b899c65-7b1c-44e4-96bc-37f2ddd09a12,desires.moi,available,39.99,,72,9,7,name.com,,
0b8a8625-7d74-47dc-b1b5-b932c2aefb96,congratulations.moi,available,39.99,,84,7,15,name.com,,
0b9c3a33-760e-4a62-84b8-7ea14284207c,letitsnow.moi,available,39.99,,69,4,11,name.com,,
0b9dc07c-df8d-45b6-a7c8-af766178a831,Philadelphia.moi,premium,,,78,16,12,,,
0ba20a80-55b3-4e44-b4e5-b1719e0052cf,ive.moi,available,39.99,,62,16,3,name.com,,
0ba76bb1-087a-4c9f-8778-02f3aff68bb0,systematically.moi,available,39.99,,52,2,14,name.com,,
0ba9b34a-e3b4-45f2-9c84-8b6fad54258f,outloud.moi,available,39.99,,70,10,8,name.com,,
0baa0f56-bd67-40fa-991d-aa56d1fe7b2a,appreciation.moi,available,39.99,,88,13,12,name.com,,
0bbfc218-b324-4388-b5bc-91a8607d7780,practicality.moi,available,39.99,,72,3,12,name.com,,
0bc86632-efb3-4bcc-b960-4792fac312cc,nosmoking.moi,available,39.99,,54,5,10,name.com,,
0bd0491e-7d0a-4d6c-9054-5dbadcf80953,popmusic.moi,available,39.99,,80,6,9,name.com,,
0bda457d-450e-43dc-bfbd-64cb7d460ac2,cometoanend.moi,available,39.99,,62,1,14,name.com,,
0be2dee8-c24b-4e55-a4f5-3ea9b723f60f,pointy.moi,available,39.99,,70,9,6,name.com,,
0c047b8e-1e27-47dc-853c-4fea90f0da90,plateout.moi,available,39.99,,65,1,9,name.com,,
0c07dfdf-797b-410b-bbcf-76b2a7229ca2,atthisjuncture.moi,available,39.99,,63,0,16,name.com,,
0c1af334-2dff-492b-8f5f-d0eab80a7c92,treehugger.moi,available,39.99,,78,12,11,name.com,,
0c2835e0-7383-4f06-ba44-6be1e74c49a1,payoff.moi,available,39.99,,70,8,7,name.com,,
0c2850b1-b4e6-459d-8eea-98256fdfa12d,childofcolour.moi,available,39.99,,42,2,15,name.com,,
0c2dec6e-4b02-4a2c-92d5-f7b86b811459,gobegging.moi,available,39.99,,66,2,10,name.com,,
0c649990-b8fd-4e5f-8cd0-7eb457f8f5dd,letsomeonehaveit.moi,available,39.99,,67,1,19,name.com,,
0c6a76ad-fe5e-4a7e-a9be-8e43b3b2c904,bringit.moi,available,39.99,,82,9,8,name.com,,
0c802506-b99b-4c73-a508-6454fbfa0f5c,butthenagain.moi,available,39.99,,38,1,14,name.com,,
0c88a958-990e-430d-92f1-190c2854343b,giveme.moi,available,39.99,,76,25,7,name.com,,
0c8c0db7-5375-42d7-85c7-afa7e2dc4f54,gooutlikealight.moi,available,39.99,,62,1,19,name.com,,
0c8decee-e627-47ac-bacd-ed1272ffd34f,rang.moi,available,39.99,,50,12,4,name.com,,
0ca1119c-fed2-4622-bf66-090556fea312,filings.moi,available,39.99,,48,8,7,name.com,,
0ca3a230-e5f9-4e0f-b05d-e5cbdabb5e61,beaches.moi,available,25.99,25.99,72,14,7,namesilo,,
0caf621f-ffda-4dd4-bc85-e5aa4479ad30,childendangerment.moi,available,39.99,,48,6,18,name.com,,
0cced28b-f1c2-4fda-bdc6-d751ea5fd1b7,getwrong.moi,available,39.99,,70,11,9,name.com,,
0cdf3531-105e-46cd-8272-7ffc811020f1,sheorhe.moi,available,39.99,,57,2,9,name.com,,
0ce4beee-fcd0-4baf-9083-9139248f4e97,enterthechat.moi,available,39.99,,62,3,14,name.com,,
0ce95599-60ec-4135-b1ea-9a21e807a8e4,GoldenValley.moi,premium,,,58,6,13,,,
0ce9a2bd-fe8e-426e-b88d-4ee989a39ab9,howaboutthat.moi,available,39.99,,52,2,14,name.com,,
0cef1e5f-40ab-437c-a885-3e725e93f4ec,justgone.moi,available,39.99,,61,2,9,name.com,,
0cef5a7b-b75b-47f8-bd6c-b464f9546669,comeinhandy.moi,available,39.99,,76,1,13,name.com,,
0cf547a9-7bd8-47bd-b651-4606bef93b38,flashsale.moi,available,39.99,,76,10,10,name.com,,
0cfba4c9-4de7-4499-87d1-0c20e526ca53,whitebalance.moi,available,39.99,,54,13,13,name.com,,
0d055f31-7042-4ee7-afef-accecbbfa3df,taxshift.moi,available,39.99,,60,1,9,name.com,,
0d0e462d-4a0b-49e0-9821-6ecd8beeb336,goonholiday.moi,available,39.99,,68,1,13,name.com,,
0d131a56-1fd0-4341-92d3-577f552e576f,StAugustine.moi,premium,,,64,9,13,,,
0d13ff16-092e-4fc1-999e-b967efb1cc43,havenots.moi,available,39.99,,60,5,9,name.com,,
0d227d57-6a3c-4b05-b13c-96b5c2674d97,StGeorges.moi,premium,,,54,6,10,,,
0d48bbbe-3851-49fe-a3a2-53bd0aa17bdf,partwith.moi,available,39.99,,68,1,9,name.com,,
0d50d3e0-8af1-4fa5-9d41-1b690464d5c7,ifalle.moi,available,39.99,,58,6,7,name.com,,
0d69f22f-107b-43ef-b3e1-71dfcdd27818,deepdishpizza.moi,available,39.99,,78,1,15,name.com,,
0d806bb5-cfc8-483c-aff8-2c0cf608c7bd,parties.moi,available,39.99,,58,13,7,name.com,,
0d8f3943-4a32-4996-be90-66e0608ca8ea,drops.moi,available,39.99,,52,25,5,name.com,,
0d988e8f-ec02-4535-8549-983189d13aaa,Englishmuffin.moi,premium,,,72,6,14,,,
0d9aec66-fa6b-4a13-bced-6be3d1f3ed0d,costofbusiness.moi,available,39.99,,44,1,16,name.com,,
0d9b938f-12cc-418f-bc88-a3e940ddcdcc,aboveall.moi,available,39.99,,76,6,9,name.com,,
0da6d129-a267-4533-b2fd-83a60c940691,hommalirice.moi,available,39.99,,72,2,13,name.com,,
0db76d35-c9ae-43be-9e4b-d13397423cc5,establishmentgrowth.moi,available,39.99,,60,0,20,name.com,,
0dba57bd-638a-4909-b601-d985d12e77be,generalformula.moi,available,39.99,,68,1,15,name.com,,
0dd12dd5-36e0-424f-a592-9342d2a6c98c,havenobusiness.moi,available,39.99,,60,1,16,name.com,,
0ddfaf22-e796-40bc-b3e3-fdcd67b4d3d9,Duracell.moi,premium,,,86,7,8,,,
0de8eb62-7ec4-49c4-91da-6e8763e3e59a,pulloff.moi,available,39.99,,74,1,8,name.com,,
0e0c07c0-b0f6-4795-94ec-312bd9cc2bd3,emailstorm.moi,available,39.99,,66,1,11,name.com,,
0e171f21-8c34-4e99-b625-406fa949b561,surfaces.moi,available,39.99,,54,14,8,name.com,,
0e29688a-db64-4809-bbac-e8a6e40873d6,thinks.moi,available,39.99,,64,10,6,name.com,,
0e2f39ec-a882-40fb-ae34-548dffeb3231,thereyougo.moi,available,39.99,,56,2,12,name.com,,
0e3bddbb-7c80-47a1-b20e-54518038fbae,particles.moi,available,39.99,,56,10,9,name.com,,
0e3cc116-3b8e-45f4-8f4f-6948b81df7ae,bloodpressure.moi,available,39.99,,70,7,14,name.com,,
0e3f4929-198b-4924-93c2-3b16d8c65d79,swallowup.moi,available,39.99,,76,0,10,name.com,,
0e4679d6-1397-4b17-a52d-b5f5725887d4,inthedock.moi,available,39.99,,50,1,11,name.com,,
0e8c9c18-99cd-4566-a6eb-5c4f900761ef,generalgoods.moi,available,39.99,,64,2,13,name.com,,
0eb64c97-7ad6-46f8-b13f-ab8c3707a35e,longterm.moi,available,39.99,,72,10,9,name.com,,
0eb8ed3e-b220-4d38-b1ac-e114dca564e1,asyet.moi,available,39.99,,56,11,6,name.com,,
0eea4afc-dfaf-4c3a-b740-a7e5e7d2d96c,makeitbig.moi,available,39.99,,62,2,11,name.com,,
0f0b7b28-2013-447d-a09d-94d557faaeb7,putonthemap.moi,available,39.99,,66,1,14,name.com,,
0f12fda9-fdad-4a02-ac06-a737115c765b,changeoftune.moi,available,39.99,,64,0,14,name.com,,
0f13b16d-ba19-44bc-8d5d-14c2411174f2,PopeGregoryI.moi,premium,,,28,1,14,,,
0f1b9365-f948-420b-b8c8-f6efbf291f48,tornadowarning.moi,available,39.99,,58,1,15,name.com,,
0f2a8300-be55-4a21-b6c5-7df199cc954a,getopen.moi,available,39.99,,77,3,8,name.com,,
0f2f3358-9624-4576-a77b-8c73313cc377,commonyears.moi,available,25.99,25.99,54,1,12,namesilo,,
0f35415e-326c-4afd-be39-d9ee2df4b4ac,hoho.moi,available,39.99,,62,13,5,name.com,,
0f44caa7-8972-48b1-9f2c-b4f9dfb09074,pickupline.moi,available,39.99,,76,2,12,name.com,,
0f85a717-4363-40fa-8679-eed636da3d2e,WWWpage.moi,premium,,,80,1,8,,,
0f8f5b0a-98e6-44cb-8f7a-ebf2f0ae912c,restructuring.moi,available,39.99,,60,6,13,name.com,,
0f963630-644b-4691-8c7a-a78697d3b0e9,team.moi,available,39.99,,76,49,4,name.com,,
0f96bab9-1751-4f93-9ccb-017635a269f2,studyabroad.moi,available,39.99,,76,13,12,name.com,,
0f9cb8cd-3259-4161-8928-1dc4d96ec301,rocks.moi,available,39.99,,78,18,5,name.com,,
0fab7c42-a24c-4b61-85aa-85629db5ce84,getup.moi,available,39.99,,82,14,6,name.com,,
0fb2bb9e-d40d-42ce-9058-f524782dca9c,intelligence.moi,available,39.99,,84,38,12,name.com,,
0fb7d9b4-f0fb-40d5-9955-f58dfcdf3fd7,bases.moi,available,39.99,,54,9,5,name.com,,
0fca0574-86c6-497a-aff0-5a08e43f5702,CoventGarden.moi,premium,,,72,6,13,,,
0fd1cb78-5843-48b8-a6a8-c5666e39aa94,setto.moi,available,39.99,,72,6,6,name.com,,
0ff7398f-383f-44e2-a1e7-d42ce361513b,breastfeed.moi,available,39.99,,76,3,11,name.com,,
1022514c-36fd-460a-abf3-57b7553bffb5,tospare.moi,available,39.99,,54,0,8,name.com,,
10312561-3be3-45e9-b23a-a1336cfdf21c,shiftabout.moi,available,39.99,,69,1,11,name.com,,
10495d6d-be7d-4d54-a32a-bf693e441836,vergeon.moi,available,39.99,,68,1,8,name.com,,
10d3d49e-2abd-4a1a-a1ee-7025a473b215,intheory.moi,available,39.99,,52,5,9,name.com,,
10dd6fa9-c579-4a01-95fb-20760d243f84,mockturtleneck.moi,available,39.99,,67,0,15,name.com,,
10ed87b3-6d8f-4abc-8673-ef847d1178ea,touchdown.moi,available,39.99,,72,15,10,name.com,,
1102d808-b4e5-4e7a-b36f-f8e6d886057a,standon.moi,available,39.99,,71,3,8,name.com,,
110afdce-b6af-4bb5-bec3-cab2730fd2b8,monkeys.moi,available,39.99,,56,13,7,name.com,,
111e94ef-9a0d-4397-bd7f-22dfee750089,gettobe.moi,available,39.99,,54,1,9,name.com,,
11294c4e-7b2e-410d-8dd7-3d11c9f70f8e,perceiving.moi,available,39.99,,74,2,10,name.com,,
112b0c1b-735c-4344-9317-9c0d048f1c75,toothcare.moi,available,39.99,,73,4,9,name.com,,
112e8aa3-10b4-4675-9dc7-00f9a6d945e3,eachtohisown.moi,available,39.99,,46,0,15,name.com,,
113f5ec7-f7a8-42d8-afe8-6b147846a461,goodfortune.moi,available,39.99,,78,10,12,name.com,,
11486e22-734e-4703-90ba-e1bfd2cf608e,havetheblues.moi,available,39.99,,58,1,14,name.com,,
115beea6-4a84-4844-a812-e659667b4bfa,manyatimes.moi,available,39.99,,62,1,12,name.com,,
116d5539-dd37-49dd-bb40-10edee96c3c3,gettoknow.moi,available,39.99,,79,8,11,name.com,,
11876595-3f06-477b-a6f8-eeb979cf1263,upatree.moi,available,39.99,,56,9,9,name.com,,
1190cdb2-1416-4330-b853-4726a175172d,likeitorleaveit.moi,available,39.99,,44,2,19,name.com,,
119dffe1-58d2-4384-8981-54351c9fc98f,bebothered.moi,available,39.99,,63,1,11,name.com,,
11ae19fd-5ea8-4ad0-9ba0-60ef007331b1,verbs.moi,available,39.99,,48,9,5,name.com,,
11da5067-2e47-4467-b11e-45e5465292f8,merchants.moi,available,39.99,,56,14,9,name.com,,
11de2c7b-98fd-44fa-8a6b-f3037bf4e740,airnavigation.moi,available,39.99,,66,8,14,name.com,,
11e5f915-6e5f-4bd7-bf0f-56edcf1b29bd,officecleaner.moi,available,39.99,,41,1,14,name.com,,
11e7d6b1-9585-43c6-bab5-7d9b3a3f5537,WestCoast.moi,premium,,,70,21,10,,,
11ea86c6-37ae-452e-b076-65aa289403e4,occurring.moi,available,39.99,,70,2,9,name.com,,
11ed3e38-ebc0-423f-8720-00880858308c,WestCountry.moi,premium,,,62,9,12,,,
11f0db08-3135-4170-8a35-f5013e716302,Audi.moi,premium,,,86,69,4,,,
11f141e0-4db6-4a6a-94e7-03e1e4e5471f,sexualassault.moi,available,39.99,,43,3,14,name.com,,
11f49660-ce11-4ae0-99c9-52e4775a47ec,talkedabout.moi,available,39.99,,66,1,12,name.com,,
120dbad8-5bd8-4387-928b-cb1e3b33d71e,makefirstbase.moi,available,39.99,,42,1,15,name.com,,
121b5dfd-105b-48da-877f-ab8e7bbd7b77,childsexualabuse.moi,available,39.99,,48,6,18,name.com,,
122f931d-a577-4a4e-9482-ab667ff58869,reads.moi,available,25.99,25.99,54,10,5,namesilo,,
124194db-c3cd-40f2-818c-9b42f6cedbfc,keepsomeonecompany.moi,available,39.99,,72,1,20,name.com,,
12568c8f-50df-49e1-8f7f-2f16571e40ca,royalpurple.moi,available,39.99,,73,13,12,name.com,,
12636e1b-c022-48a9-ab48-e349b3fd74c1,Philips.moi,premium,,,70,64,7,,,
12779790-b5bb-4491-b7a4-f7ab1fd9fe9d,GrandMarnier.moi,premium,,,70,3,13,,,
12c2d328-1e65-4d29-80c6-cc5c51da3804,goodcheer.moi,available,39.99,,60,2,10,name.com,,
12c99a7f-c0de-443c-8184-dfcabe309333,backtoback.moi,available,39.99,,72,5,12,name.com,,
12cfdee0-3658-483a-afcd-321eb6420e9d,ofchoice.moi,available,39.99,,58,1,9,name.com,,
12de2ea1-9d9e-430c-91a3-e33c3c484007,ifpossible.moi,available,39.99,,64,1,11,name.com,,
1301a3cb-d751-4046-ba03-3b170e481661,cometogether.moi,available,39.99,,70,10,13,name.com,,
13128a97-9bed-4cdc-a584-669cdce88788,steeltoeboot.moi,available,39.99,,66,1,14,name.com,,
131662dc-092e-46c3-811d-4711dcd586aa,standardizing.moi,available,25.99,25.99,43,1,13,namesilo,,
13202e3e-9367-4d51-97a0-b422e3f1b991,chatbot.moi,available,39.99,,82,36,7,name.com,,
1327d108-c5b3-41e4-b608-c7b20abdf75f,females.moi,available,39.99,,62,8,7,name.com,,
13346c64-da06-42a9-82be-76d5dd816761,majoritycouncil.moi,available,25.99,25.99,48,1,16,namesilo,,
1340573a-9bc4-4ff2-b2fb-c255dcba9bcb,thenandthere.moi,available,39.99,,54,2,14,name.com,,
13476985-3b5c-4d92-8c4c-3be775c0dff8,haveityourway.moi,available,39.99,,56,6,16,name.com,,
1365ab52-b922-484f-bab7-77138ab03fa8,been.moi,available,39.99,,60,10,4,name.com,,
1368cef1-acf6-42fb-b1dc-c30243223812,regionalism.moi,available,39.99,,64,1,11,name.com,,
136fe65c-bd6a-4726-a637-061e80e2c7be,indrawing.moi,available,39.99,,64,3,10,name.com,,
1384950e-f762-4675-96cd-0909e077cf26,flaxcotton.moi,available,39.99,,56,0,11,name.com,,
139d4efe-ac35-4792-a18a-923e39ee3008,walkfree.moi,available,39.99,,78,3,9,name.com,,
13a4bb90-1b9a-4e14-a100-fd25add55922,blewagasket.moi,available,25.99,25.99,34,1,13,namesilo,,
13c5ae98-21c1-49e9-9447-81890c45625a,finals.moi,available,25.99,25.99,80,7,6,namesilo,,
13c7e5c4-ff43-4afc-87ab-f212dce085b0,havenosympathy.moi,available,39.99,,54,1,16,name.com,,
13ebb556-3e86-4cae-aa9c-1923f6abbc09,speedup.moi,available,39.99,,78,10,8,name.com,,
13ebea17-c6aa-4a8e-a0f3-aa04399f9f64,giveamanafish.moi,available,39.99,,48,1,17,name.com,,
13f67d52-5486-4f45-8268-0c0610eba7a3,getoveroneself.moi,available,39.99,,62,1,16,name.com,,
140b57fa-8d18-4fd1-8898-5ca8124cb321,smashandgrab.moi,available,39.99,,48,2,14,name.com,,
140cd981-76a3-4451-90ae-0c9d9ed1390d,mothafukka.moi,available,39.99,,66,1,10,name.com,,
141e693f-269b-45bc-88b0-13a0073e2db5,paintpot.moi,available,39.99,,72,2,9,name.com,,
14556d67-7434-4633-873e-d30d1e22aeb7,arthistory.moi,available,39.99,,77,11,11,name.com,,
1459f90a-44ff-4f23-8f55-15b9a22d8cef,publicoffice.moi,available,39.99,,69,2,13,name.com,,
145add09-583c-4ee4-b21a-229d876ffd8f,usernames.moi,available,25.99,25.99,52,6,9,namesilo,,
147a34d7-ea03-42bd-aaf2-5fad734cf9bc,whips.moi,available,39.99,,52,7,5,name.com,,
14810ee8-aa64-46a2-9346-94943ffda80f,motherfukkah.moi,available,39.99,,66,0,12,name.com,,
148f91d4-d398-46ec-a6d4-d8085871b35c,creating.moi,available,39.99,,80,12,8,name.com,,
1490a30b-13b2-4b14-8271-689ada36f210,Ellen.moi,premium,,,70,19,5,,,
14988096-1d9c-449e-8c11-3693ed4f8ed6,holdingtheball.moi,available,39.99,,62,1,16,name.com,,
149e2112-1ea2-4995-ad1f-ffb828d9ac35,MerryXmas.moi,premium,,,70,4,10,,,
14a21a5b-3ce9-4952-b6c1-9a1ed37944ef,howdoyedo.moi,available,39.99,,52,4,12,name.com,,
14a3c05d-072f-4e4f-956f-da7fb446c4f9,realestate.moi,premium,250,,77,42,11,name.com,,
14a899b9-79a1-45ab-86c1-7cc56b58904b,backyard.moi,available,39.99,,80,27,9,name.com,,
150a2538-0d14-4a56-aa05-d517a2b51925,myapologies.moi,available,39.99,,78,1,12,name.com,,
1514f488-39c3-4f26-947f-3a0449763cee,sourcecode.moi,available,39.99,,70,16,11,name.com,,
15269230-20a5-4a99-95c0-ea755d95a4cd,keepwith.moi,available,39.99,,48,2,9,name.com,,
152ca0c1-ebeb-46a1-99a5-deb9c8b3b6cc,BlackPlague.moi,premium,,,56,12,12,,,
15341e79-f094-4da4-af8e-cd19691cf363,upandaround.moi,available,39.99,,60,1,13,name.com,,
1538d686-a843-4475-9c47-ac4e7fed80ca,toexcess.moi,available,39.99,,55,0,9,name.com,,
153f2323-a8f6-4bd0-95d0-2c5dcefe1b29,Powers.moi,premium,,,70,20,6,,,
154622f8-3d1d-4b61-a580-49a92f5ebe50,lettertotheeditor.moi,available,39.99,,69,1,20,name.com,,
155d8841-99af-4e93-be9a-6710ce511715,veggies.moi,available,39.99,,64,7,7,name.com,,
15676b15-e2ef-4ef5-a814-d58a9423a08c,divinehealing.moi,available,39.99,,54,7,14,name.com,,
156e4e33-0157-4eef-a5d9-65f9bb3aabc5,manybodied.moi,available,39.99,,68,1,11,name.com,,
158c8291-ffdd-4685-a758-3da7e5b110df,Catholicism.moi,premium,,,74,6,11,,,
15955aa6-eff7-43e8-9b9f-57a608983585,GreatBritain.moi,premium,,,70,12,13,,,
15958946-dae2-4ca6-b082-dc0775fa50f9,alcoholusedisorder.moi,available,39.99,,48,1,20,name.com,,
15971ee2-f0f9-44cb-9190-e69d9697bc5e,disorganized.moi,available,39.99,,58,4,12,name.com,,
159b5278-9342-4857-8163-42c0dababf15,sugars.moi,available,39.99,,55,8,6,name.com,,
15af3d80-ff66-40b4-88a6-d5cedd93c40f,cashmachine.moi,available,39.99,,72,6,12,name.com,,
15caf94f-3471-4cbf-a237-690228660b3f,teastrainer.moi,available,39.99,,77,1,12,name.com,,
15cd5df4-3128-40ad-905c-b67c83d00943,arriveat.moi,available,39.99,,70,1,9,name.com,,
15eedb9c-dedb-4278-93b4-efa9414b2a97,CountyofSussex.moi,premium,,,44,2,16,,,
15f793e0-1178-4c45-b5b6-17257a252c11,wannabet.moi,available,39.99,,62,6,9,name.com,,
16106944-31aa-43f0-b0fe-60116db74606,costofsales.moi,available,39.99,,44,1,13,name.com,,
161467d3-649f-4bca-9ffd-9dac84157495,messed.moi,available,39.99,,46,2,6,name.com,,
16158468-2945-4817-9e54-07092fc4ad68,complaints.moi,available,39.99,,40,9,10,name.com,,
161665cb-1880-4aca-b4ca-12b1dc798c95,getthemeaning.moi,available,39.99,,69,0,15,name.com,,
1619d4bd-2746-4590-b5b8-570ff1bbdb32,sellbydate.moi,available,39.99,,68,1,12,name.com,,
1623c4d2-5292-457f-be1a-9e803327ab08,recognizable.moi,available,39.99,,80,2,12,name.com,,
16301d5a-36eb-43c9-8a68-25218a6a1c9c,familyrestaurant.moi,available,39.99,,66,2,17,name.com,,
163b5033-0073-4329-8bc6-48b8715db9e0,wastes.moi,available,39.99,,50,4,6,name.com,,
1644e0c8-ffe1-42fa-b69c-db25b50112fd,Catholics.moi,available,25.99,25.99,58,8,9,namesilo,,
1652bd9a-8431-499e-806c-398a8a6cf505,openbar.moi,available,39.99,,80,6,8,name.com,,
1653952d-0eb2-4a19-9701-5b24e323aae6,mealdeal.moi,available,39.99,,76,6,9,name.com,,
16583342-088c-4bef-a85c-3ac09ad47365,cometorest.moi,available,39.99,,70,1,12,name.com,,
165adb12-18c2-44d4-97ee-95ca96375ac8,corresponding.moi,available,39.99,,66,2,13,name.com,,
165c01a0-90cc-41b3-a943-f27d138e8b5a,hairdryer.moi,available,39.99,,78,6,10,name.com,,
165c136a-6dfe-4335-8ac9-8032db7f02c1,sweetwhiskey.moi,available,39.99,,68,1,13,name.com,,
167405b7-0848-4d98-a7d6-5eb5c48e6cab,practicalnurse.moi,available,39.99,,72,1,15,name.com,,
16925541-8d40-48c0-b8ae-e86f3a6e38a9,pitchdark.moi,available,39.99,,55,2,10,name.com,,
16926774-da71-4e0c-9535-e55e2e2ae444,surroundings.moi,available,39.99,,75,4,12,name.com,,
1692cac8-ccbd-4070-b18a-07dbe374a115,respecting.moi,available,39.99,,56,2,10,name.com,,
16a19194-3357-49a2-85dd-24690b35b845,MexicoCity.moi,premium,,,70,14,11,,,
16c61c7f-038e-4bc8-94f6-0dcb738e48a7,Uber.moi,premium,,,88,82,4,,,
16c66c0d-9a3b-4684-b6c6-3548dc6273ae,lostandfound.moi,available,39.99,,64,19,14,name.com,,
16df1c8a-c507-49f5-a302-4bd250e11446,CountriesinAsia.moi,available,25.99,25.99,48,1,17,namesilo,,
16fcdd2c-011f-4b10-b908-86209a65eaca,atthecoalface.moi,available,39.99,,58,1,16,name.com,,
1705e355-2674-4400-9365-556c693018a8,CountyofQueens.moi,premium,,,44,1,16,,,
1708b29c-6f62-4844-83fd-9946cf9ba7de,tornadoes.moi,available,39.99,,50,2,9,name.com,,
170e3d2e-32e9-4cca-9158-abf6fd53792d,justthejob.moi,available,39.99,,56,3,12,name.com,,
1712a046-06a6-4d13-a445-e1fda8c13b6e,goodgame.moi,available,39.99,,60,23,9,name.com,,
1732c03e-4bf3-42f4-8096-8ac222c831ae,burgerbun.moi,available,39.99,,86,1,10,name.com,,
17372ee8-921b-42c8-8d26-f0b24f84e24b,getround.moi,available,39.99,,74,0,9,name.com,,
174361eb-d04c-4117-b366-162e8b4d817c,likes.moi,available,39.99,,52,20,5,name.com,,
17539854-120a-4c1c-a54a-76dfb2d9ceab,playonwords.moi,available,39.99,,64,3,13,name.com,,
1769c108-95ab-4eb6-a255-43927a4f5cf5,cheated.moi,available,39.99,,56,4,7,name.com,,
176f044d-e1aa-4fb5-9509-df5e236bab67,goberserk.moi,available,39.99,,68,1,10,name.com,,
17779709-aa52-4b74-9693-aab0b4c532b0,playarole.moi,available,39.99,,68,1,11,name.com,,
17838c5b-63d5-47ac-8cb2-717abeff9292,rekt.moi,available,39.99,,40,24,4,name.com,,
17855a21-4b64-44fe-b33a-ea1d4bdecb66,gooff.moi,available,39.99,,68,4,6,name.com,,
1795cd71-3270-4de9-ba55-e5f28935617f,estatebottled.moi,available,39.99,,56,0,14,name.com,,
179aa96c-070e-492a-987e-eb38b524d6ce,IslesofScilly.moi,premium,,,52,1,15,,,
179f0907-90fa-4650-a51b-91a159315936,Ihaveaheadache.moi,premium,,,50,1,17,,,
17b3c8d9-b1a5-4d1a-b8dc-a7a477debbf2,IamEnglish.moi,premium,,,58,1,12,,,
17bcfee7-e4a6-4f5e-b07f-df207c6ffa98,Automobiles.moi,premium,,,62,17,11,,,
17dce693-1e9d-4d75-8796-f7de7140b6c8,Idonotknowit.moi,premium,,,50,4,16,,,
18100a60-c72f-40bf-b653-b6d70efd32b5,goingover.moi,available,39.99,,72,1,10,name.com,,
18242a44-263a-442e-8baa-5f9099bf2324,servants.moi,available,39.99,,54,4,8,name.com,,
182e1283-40df-483b-b81c-85f752afbfc0,countries.moi,available,39.99,,60,10,9,name.com,,
183a5596-fcd4-4538-a7da-7a63bfb59f23,giveoff.moi,available,39.99,,72,0,8,name.com,,
184550d5-63d4-4911-b31b-2e5830996286,washes.moi,available,25.99,25.99,54,3,6,namesilo,,
184980eb-d82d-423f-b2e7-2b820ffa82fa,WhiteSox.moi,premium,,,70,58,9,,,
187c0b14-0b7a-4020-95ba-9240ed97c24f,barup.moi,available,39.99,,82,2,6,name.com,,
18c024d0-87a3-4214-bc78-371a1c0e0f80,RedSquare.moi,premium,,,68,18,10,,,
18c50941-e44c-459f-aec4-d75bd8ca1632,tothepowerof.moi,available,39.99,,46,1,15,name.com,,
18dedeb5-557e-41f2-83fc-e03b31890be3,sothat.moi,available,39.99,,70,2,7,name.com,,
1908205f-e3d9-4233-88a3-97ffb3087863,AcademyAwards.moi,premium,,,68,3,14,,,
191ad1f9-80c6-4b08-a130-fda9d30d8349,yourselves.moi,available,39.99,,58,10,10,name.com,,
19290c53-0861-411c-bc91-78ffd4298507,gooutonalimb.moi,available,39.99,,60,1,16,name.com,,
1929239c-e34f-44a9-8152-17e62418ccd8,Gregorio.moi,premium,,,66,7,8,,,
19490345-cc69-4339-b645-9c60d9f588ea,letthecatout.moi,available,39.99,,67,1,15,name.com,,
194c53a8-a5b4-455a-93c5-30689aa0daa1,borne.moi,available,39.99,,66,12,5,name.com,,
1961f44e-6e76-4dd6-9a01-a5d12bcbacaa,unicorns.moi,available,39.99,,73,21,8,name.com,,
196629c5-b0b0-4be9-b02c-c4fb30ba3b80,gaslighting.moi,available,39.99,,68,6,12,name.com,,
1968a522-c483-467c-94e4-9c2a91ad42de,firsttime.moi,available,39.99,,74,10,10,name.com,,
19871ed6-5a8d-4ae6-9674-7b06927c91d2,makings.moi,available,25.99,25.99,70,3,7,namesilo,,
19896cb6-6f44-4711-9101-e994d057382f,sellthrough.moi,available,39.99,,64,2,12,name.com,,
198f1582-ecb0-40b7-8da8-38d375e2a849,herbsandspices.moi,available,39.99,,54,3,16,name.com,,
19908abd-b4ad-4829-9e7b-0167cbe29f86,inthelimit.moi,available,39.99,,50,1,12,name.com,,
199a8ec7-62ce-4f71-bfd6-10844f9cb0fa,officeclerk.moi,available,39.99,,49,1,12,name.com,,
19a25c52-27e0-4b89-b1f7-cab2d7451dc4,whisking.moi,available,39.99,,70,2,8,name.com,,
19a6fb4b-a96f-45b0-bba3-683d6a23af33,backwardslash.moi,available,39.99,,62,1,14,name.com,,
19b4d28c-0967-4799-a509-fc4a4349f981,justlikethat.moi,available,39.99,,53,8,14,name.com,,
19ba84c8-c846-4ada-8e46-557e2623830c,planets.moi,available,39.99,,60,13,7,name.com,,
19c8686a-7218-400f-830f-ca787c7a3506,lunchmeat.moi,available,39.99,,78,2,10,name.com,,
19d57d8f-3f96-4d32-b54a-c40db64bfc42,strips.moi,available,25.99,25.99,51,7,6,namesilo,,
19e1d499-8ec0-4bae-816a-384d3387db5d,cometo.moi,available,39.99,,74,8,7,name.com,,
19e5c3f0-b3df-444c-8e59-bc3ee0cf9cc1,whocares.moi,available,39.99,,46,12,9,name.com,,
19f694d8-1b8f-4f98-9188-dcf22d15c0df,WikiLeaks.moi,premium,,,53,13,9,,,
1a07d982-7cb5-4527-9d3d-4237aa86574f,mentioning.moi,available,39.99,,52,2,10,name.com,,
1a1056e0-19c0-4114-a52f-06c786d18795,thinktoomuch.moi,available,39.99,,60,7,14,name.com,,
1a154620-3f52-41a5-b4e1-8db6d782b43a,weeks.moi,available,39.99,,60,14,5,name.com,,
1a1e5131-07a1-4bf6-a4ec-9596896e6296,letterruling.moi,available,39.99,,45,1,13,name.com,,
1a2038d6-2a0b-4a7f-a1af-f0cf6a17a4e1,verbalization.moi,available,39.99,,58,1,13,name.com,,
1a36a8db-4306-4378-91bf-0c662441b3aa,ghosts.moi,available,25.99,25.99,48,14,6,namesilo,,
1a3f7b42-daca-4733-90ca-81c425a765e7,establishedorder.moi,available,39.99,,60,1,17,name.com,,
1a5db623-1d75-4061-aeea-4753464f3292,accountspayable.moi,available,39.99,,62,4,16,name.com,,
1a6c2b3b-0740-4a5c-870a-5d02c84f69a7,ponds.moi,available,25.99,25.99,52,7,5,namesilo,,
1a7f4d5a-6e29-4706-ba9c-cbeedabd5cf8,shortest.moi,available,39.99,,54,6,8,name.com,,
1a900440-b740-4c6d-abfe-8e7c97e9fa60,our.moi,premium,250,,64,48,3,name.com,,
1a91f3c2-76ba-4e55-ac25-a62e71c19cd6,headout.moi,available,39.99,,82,6,8,name.com,,
1a96fc8f-2099-4dd5-9172-f1ebbc1e5b37,briefingnote.moi,available,39.99,,66,1,13,name.com,,
1aa2ef48-356a-4da2-b8c0-5756e5be3d10,goaround.moi,available,39.99,,74,4,9,name.com,,
1aa9da13-f433-4a7a-b36b-e8b3115a007b,HIVvirus.moi,premium,,,60,1,9,,,
1ab71833-966b-4c27-8d57-1eac88a1a3bd,contemplating.moi,available,39.99,,42,3,13,name.com,,
1ac1e8cc-ead6-4d49-a81b-0d609abc947b,partners.moi,available,39.99,,61,32,8,name.com,,
1acf0d13-b9b2-4a58-a151-1040794442b5,atthecorner.moi,available,39.99,,65,2,13,name.com,,
1ad213e8-b762-45b0-b190-db9b9560846c,styling.moi,available,39.99,,78,11,7,name.com,,
1ad4848c-ed51-43de-be60-eba8d4b5aeda,BJP.moi,premium,,,62,12,3,,,
1aec7428-722f-4e03-9cb3-d66207a7bc27,edamame.moi,available,25.99,25.99,80,9,7,namesilo,,
1af1a3e8-34b1-426e-8e62-effa41a7660c,pairofshades.moi,available,39.99,,65,0,14,name.com,,
1af36407-af6d-4d63-abde-d79e866d1837,sixfeetunder.moi,available,39.99,,36,3,14,name.com,,
1af9445e-87d5-4dea-b5ea-02072788d464,ponders.moi,available,39.99,,54,5,7,name.com,,
1b004c02-5722-4f67-9955-4ecc5f9ece04,CocaCola.moi,premium,,,92,82,9,,,
1b0c7fb2-20bf-49ca-be5e-a29036250c2d,houses.moi,available,39.99,,66,18,6,name.com,,
1b19a583-93c9-4003-89a5-bbee2296b298,clients.moi,available,25.99,25.99,58,20,7,namesilo,,
1b3af254-604f-49c9-81e9-35b48071948f,cases.moi,available,39.99,,50,12,5,name.com,,
1b50909f-de10-442b-a74c-615b7042f397,outsideof.moi,available,39.99,,52,0,10,name.com,,
1b588dfb-d14e-47db-af77-2396ac754c63,hasto.moi,available,25.99,25.99,56,3,6,namesilo,,
1b6ca29c-16cb-43c4-97e0-29834cfcb9be,commonsense.moi,available,39.99,,86,30,12,name.com,,
1b74fa87-0f11-4e78-8f70-4b536d0d7ddc,surgicalmask.moi,available,39.99,,66,2,13,name.com,,
1b7d51a8-671e-43b7-86ea-368581a7db05,sombody.moi,available,39.99,,62,1,7,name.com,,
1b973728-513e-493d-8a53-2dfc0f2ec0b8,specialed.moi,available,39.99,,76,6,10,name.com,,
1ba94c8f-2c7e-4a2b-9473-e2157c04bf4b,tightenup.moi,available,39.99,,79,1,10,name.com,,
1bbc69b7-a112-490a-bf31-68c19a337f19,sqmi.moi,available,39.99,,54,2,5,name.com,,
1bc480be-57eb-4df7-b5d4-9beb9412f00b,quitting.moi,available,39.99,,54,4,8,name.com,,
1bdcaf9e-3b70-4673-a024-4d772f61ae65,sensationally.moi,available,39.99,,56,1,13,name.com,,
1bea826f-4d61-4e2a-8b53-5c78a184f1a7,fillaway.moi,available,39.99,,70,1,9,name.com,,
1beb408a-95ed-46b9-9cd6-56bc6e04cf6d,publicopinion.moi,available,39.99,,70,7,14,name.com,,
1bf36637-6409-4a77-b731-0dd64ccf4e3a,travellers.moi,available,39.99,,53,11,10,name.com,,
1bf87f46-6221-4e47-ba00-e36924b31290,bighair.moi,available,39.99,,74,3,8,name.com,,
1bfbe831-978f-4cd5-bc06-417a1a2b6a8c,ricefield.moi,available,39.99,,75,5,10,name.com,,
1c07a05a-2bf2-470a-85b3-9754e182fdc2,gummybear.moi,available,39.99,,89,7,10,name.com,,
1c08c878-ab83-41af-829d-53e3b3bbcd9d,weights.moi,available,39.99,,56,9,7,name.com,,
1c0e806a-800c-492c-acfa-d33f5b7897a1,chocolatemilk.moi,available,39.99,,70,6,14,name.com,,
1c0f3a66-cecd-42d3-89fe-0de138796f29,comeondown.moi,available,39.99,,76,1,12,name.com,,
1c394ab7-0851-4676-8347-e1470beafe8b,whitepepper.moi,available,39.99,,70,11,12,name.com,,
1c41c269-8200-411d-bcf9-5954b2bf9aca,generalpurpose.moi,available,39.99,,58,5,15,name.com,,
1c4c1f17-a684-408e-a70b-b013e25946e8,justthen.moi,available,39.99,,62,1,9,name.com,,
1c5057b5-0766-46a3-8469-aa5e69657533,IamwhatIam.moi,premium,,,50,9,14,,,
1c50cad6-fea2-4402-ab21-9ee1a5dcea9d,changethesubject.moi,available,39.99,,62,7,18,name.com,,
1c5dd71d-d36f-4810-b8a0-d96d7c43b125,thickandthin.moi,available,39.99,,65,2,14,name.com,,
1c7a7133-7bc9-4687-add0-2ad6c98dff19,shoveover.moi,available,39.99,,59,1,10,name.com,,
1c7d9471-5b47-4209-981a-af2fbeefdaf2,partyhat.moi,available,39.99,,89,7,9,name.com,,
1c9609eb-4090-478a-a544-566570c3618e,platepaper.moi,available,39.99,,66,0,11,name.com,,
1c9a0243-2e80-4f97-83ef-de2cb6d89e37,sombuddy.moi,available,39.99,,62,1,8,name.com,,
1ca4a163-633e-4d4c-9673-dec926cb9dc9,Igotmine.moi,premium,,,58,4,10,,,
1caa9a83-08f0-49f5-9370-f2e83645b6d9,matrixgroup.moi,available,39.99,,68,6,12,name.com,,
1cc4ca7e-ceb9-4b5d-a292-c1190afbdd68,settlefor.moi,available,39.99,,76,0,10,name.com,,
1cd9842c-1a85-4c2f-b218-3da5627f0845,Iknowit.moi,premium,,,58,7,9,,,
1cee1693-aef2-4ad6-9aac-caf0400ca0e7,blanksheet.moi,available,39.99,,80,2,11,name.com,,
1cf48e7b-3fca-499a-9b8d-756b4a53bd3e,rightnow.moi,available,39.99,,68,16,9,name.com,,
1d11010c-03a6-442e-b7a5-1b1d349b6607,billofrights.moi,available,39.99,,70,3,14,name.com,,
1d16b260-9524-45bf-aa98-3f59d90f2ea4,Californiakilowatt.moi,premium,,,66,1,19,,,
1d193766-27f6-48ad-8021-219430e3d331,pearlwhite.moi,available,39.99,,72,13,11,name.com,,
1d1ca990-8656-40e5-baec-fefa148d3e99,preferences.moi,available,39.99,,80,7,11,name.com,,
1d1f4d1b-c657-47a1-bfa2-4895d48f83ef,stumps.moi,available,39.99,,65,4,6,name.com,,
1d2b587d-0f6d-42ba-9bb5-9cb91decdd24,videochat.moi,available,39.99,,78,19,10,name.com,,
1d381c96-c8bc-4c01-8951-e27119c5cd33,setonfoot.moi,available,39.99,,69,1,11,name.com,,
1d605f22-5859-41ec-9655-6c7e96264836,demonstration.moi,available,39.99,,66,10,13,name.com,,
1d638e00-21e5-472b-b050-0e9a41576387,getrightwith.moi,available,39.99,,47,7,14,name.com,,
1d7387a9-0412-4056-85da-82f071893df1,cometoahead.moi,available,39.99,,62,0,14,name.com,,
1d7f6b5f-e4f8-4f3a-a508-050322642b5d,thiscoming.moi,available,39.99,,67,7,11,name.com,,
1d877b10-4542-4486-b836-835e0ec4289c,getiton.moi,available,39.99,,84,3,9,name.com,,
1d87ea62-e972-4acf-8141-dd19aaeca242,greenbuilding.moi,available,39.99,,72,16,14,name.com,,
1d8bf91f-8c96-43dc-aa31-497a6885472b,publicsector.moi,available,39.99,,62,7,13,name.com,,
1d8f37d4-1bbb-4f63-8135-4fcf16ebc2e2,BRAS.moi,premium,,,70,13,4,,,
1d943028-6637-4cf7-992e-6dd70615b513,webshop.moi,available,39.99,,76,22,8,name.com,,
1dace56f-d5d0-4678-b689-4eb5627c5a59,notes.moi,available,39.99,,73,37,5,name.com,,
1ddc283d-c8c2-4b2a-b238-ab07d0a7e53c,stepup.moi,available,39.99,,78,19,7,name.com,,
1de02e45-4365-4271-bfc2-4c0c400fa117,Nicky.moi,premium,,,66,13,5,,,
1dec3f8c-9791-40f0-b967-538c92532f6a,nowwhat.moi,available,39.99,,58,14,8,name.com,,
1def6058-7553-4995-b3f9-ec7e67744696,goupstairs.moi,available,39.99,,68,1,11,name.com,,
1df0e8d6-7d08-46b9-9d0a-cd918ef808bb,DalaiLama.moi,premium,,,84,11,10,,,
1df177fa-1d09-496b-b589-74a77f96d8df,hosts.moi,available,25.99,25.99,52,18,5,namesilo,,
1e0b27b1-7829-4c95-82b9-57aaeb97dd8a,whitevanman.moi,available,39.99,,56,1,13,name.com,,
1e29ac33-15de-414d-8561-22881726fc00,indoor.moi,available,39.99,,72,15,6,name.com,,
1e39069f-601e-4aac-8142-4441c93d3d5b,cousins.moi,available,25.99,25.99,68,11,7,namesilo,,
1e3e0003-c70d-4229-9750-d179fe29624d,closeofplay.moi,available,39.99,,66,1,13,name.com,,
1e48a533-9649-4e0c-afe2-fdba5186f3e4,remembered.moi,available,39.99,,65,8,10,name.com,,
1e50272f-c6b1-4b3f-8fe8-bbbf0c3a5834,getupandgo.moi,available,39.99,,70,3,13,name.com,,
1e606aab-d0fd-403c-b6e4-e61902063d2b,pomegranates.moi,available,25.99,25.99,60,4,12,namesilo,,
1e676ca0-ed42-4afe-a985-e98e65af19f5,setin.moi,available,39.99,,68,5,6,name.com,,
1e6b6cdb-4fff-4b76-9170-a361d275717a,rubyred.moi,available,39.99,,76,15,8,name.com,,
1e72984f-e965-436d-9e2e-a0f22b26ac1e,midlifecrisis.moi,available,39.99,,58,9,15,name.com,,
1ea3fb90-2d64-42ab-91e5-781fc236c1d1,haveseenthisfilm.moi,available,39.99,,58,10,19,name.com,,
1eb39e36-ddd2-48ed-b0e6-17c786f36c18,poundcake.moi,available,39.99,,78,4,10,name.com,,
1ef2d2a9-9d04-4d11-b3e0-465ec570793d,generalrelativity.moi,available,39.99,,68,2,18,name.com,,
1ef756a8-5b68-42a1-bcc4-0fce69e3c4a3,makingwaves.moi,available,25.99,25.99,64,7,12,namesilo,,
1f0bf7b7-a296-4d20-92fd-01fc0e44385e,roadsign.moi,available,39.99,,70,4,9,name.com,,
1f15be49-6a4e-4004-b62d-e240c17f89af,pulled.moi,available,39.99,,72,7,6,name.com,,
1f1ddcad-444c-41e8-8017-c53e9ed5e387,Godonlyknows.moi,premium,,,50,9,14,,,
1f1fbdee-8911-4f8f-8631-e24481e5bc56,tradeunion.moi,available,39.99,,68,3,11,name.com,,
1f2611fd-0bb2-4786-949e-07513803fc08,bubbles.moi,available,39.99,,72,21,7,name.com,,
1f2d6004-d829-4175-b4d9-2990d0ee2452,manyhandedness.moi,available,39.99,,64,1,15,name.com,,
1f2fa6ea-7814-404f-b684-a5b8c8be2f19,JusticeofthePeace.moi,premium,,,62,2,20,,,
1f44c164-dba8-426e-a680-ddcb52b072ad,forthat.moi,available,39.99,,58,2,8,name.com,,
1f6a28c0-0727-4f0e-a393-bbb9f3ecc17a,uploadability.moi,available,39.99,,60,1,13,name.com,,
1f937c12-897a-4ca6-84b4-38d4a8396935,howmuch.moi,available,39.99,,78,17,8,name.com,,
1f95644e-1a9c-4840-a67f-c6263f5dfc35,quarterof.moi,available,39.99,,61,0,10,name.com,,
1fb74201-e296-4065-8dd3-e130d74bed5b,cornering.moi,available,39.99,,64,1,9,name.com,,
1fb8ebd8-e2c6-497f-9c6f-61168cb96b32,Westwood.moi,premium,,,66,20,8,,,
1fd7990a-8476-4ba1-9163-c4d4629300c0,slipby.moi,available,39.99,,64,1,7,name.com,,
1fd93432-bb19-4b6e-98c2-b46cf3381aea,folicacid.moi,available,39.99,,80,1,10,name.com,,
2021c2af-08e7-479f-baa5-467114a78614,onfire.moi,available,39.99,,50,12,7,name.com,,
2026d221-81d6-44ae-9751-584b50b5a2a9,thefixisin.moi,available,39.99,,38,1,13,name.com,,
20355a14-85a3-4e74-8c8b-0e4c02440945,libraries.moi,available,25.99,25.99,58,11,9,namesilo,,
203ad737-f856-4441-baaa-607003cec78b,childcare.moi,available,39.99,,74,23,10,name.com,,
204ac79e-7f06-4ebd-9e8d-85919fa81c4f,bloodpressurecuff.moi,available,39.99,,48,1,19,name.com,,
204cd5b6-6a2a-4e39-8a12-57e4364ad76d,poured.moi,available,39.99,,56,4,6,name.com,,
205b0dd3-8ce6-4c35-b665-4bfa07677366,travels.moi,available,39.99,,64,18,7,name.com,,
206b6f28-c41e-4f1b-b66f-1b74cef28280,divinejustice.moi,available,39.99,,49,2,14,name.com,,
206bcb1d-8db4-4443-aaaf-98abf1ca2879,acids.moi,available,39.99,,50,6,5,name.com,,
209c3e36-9a86-42f1-b122-ae44cf8d2e7e,throwabout.moi,available,39.99,,69,1,11,name.com,,
20c1d672-37a8-4d54-addc-9a6874e36e74,cloves.moi,available,39.99,,60,5,6,name.com,,
20d182b6-4452-4bff-91d6-2b8dd7588b43,starts.moi,available,39.99,,54,9,6,name.com,,
20d59af9-2672-4a87-9adc-53fc6ec0fb04,howlong.moi,available,39.99,,58,9,8,name.com,,
20d78a53-fad0-43cb-9096-de1aaa0cf2e4,kirkland.moi,available,39.99,,74,82,8,name.com,,
20df8a96-4404-4ed9-a768-eb8ecddbd0eb,rootbeer.moi,available,39.99,,76,7,9,name.com,,
20fba645-2c07-458c-b92d-b478776dd59a,liveblog.moi,available,39.99,,76,5,9,name.com,,
20ffd4dd-76be-472a-8cda-b44038d64752,asperusual.moi,available,39.99,,48,1,12,name.com,,
21077a85-e401-4502-835f-3654b7b11eea,brands.moi,available,39.99,,62,28,6,name.com,,
21137f90-5eff-48c7-be5e-8da71373f625,its.moi,premium,937.5,,78,43,3,name.com,,
212d0fae-ec7f-4b44-a186-22110b9e2295,pissabout.moi,available,39.99,,59,1,10,name.com,,
21364cdd-287c-4560-885e-441ba5ed611d,buzzed.moi,available,39.99,,72,13,6,name.com,,
213d52f4-a64b-45bc-ad06-9e7f9eff473e,generalizeddisease.moi,available,39.99,,30,0,19,name.com,,
2148503f-172a-425e-b9b2-be6530417d04,showering.moi,available,39.99,,80,2,9,name.com,,
214cd22f-fd96-4e7c-8a0f-28d096c963da,wouldithurt.moi,available,39.99,,44,10,13,name.com,,
216efb76-0fa2-4ebd-8678-692d9e86b64c,Ava.moi,premium,,,76,41,3,,,
2184b8e3-442b-42dd-b90f-e36c9a25d28c,blooddonation.moi,available,39.99,,78,2,14,name.com,,
218ed5f3-6f11-4b84-a517-4a27f512f76c,oysters.moi,available,25.99,25.99,57,9,7,namesilo,,
219bfe51-defc-47bb-898e-82a48a228472,artglass.moi,available,39.99,,70,11,9,name.com,,
21a6218f-89e0-4ee7-bf4c-0d9e023e2db3,conducted.moi,available,39.99,,54,2,9,name.com,,
21ace36e-263a-44fe-935d-0984ba42e09e,silverring.moi,available,39.99,,64,11,11,name.com,,
21b13cdc-4f8e-4706-b8e2-0eec4913794d,keeppace.moi,available,39.99,,74,3,9,name.com,,
21b4b19f-79f8-4628-9646-32203d7d1cdf,makeout.moi,available,39.99,,76,4,8,name.com,,
21b86ce3-0a52-4d1e-aed1-c231ebb02312,pastasauce.moi,available,39.99,,79,2,11,name.com,,
21c158c8-7581-4a04-bcea-a6965ef25e67,mopeabout.moi,available,39.99,,61,1,10,name.com,,
21c96342-0333-4523-9e63-7eba8aecadac,pipecleaners.moi,available,25.99,25.99,45,1,13,namesilo,,
21cf31db-3278-4130-837a-7fcf556db01a,pointat.moi,available,39.99,,46,2,8,name.com,,
21fe2ac6-eb87-493c-b7b0-9309a0e9f23d,officedoor.moi,available,39.99,,55,1,11,name.com,,
2204c697-8041-4b22-9e8b-a9d870868ce5,calculators.moi,available,39.99,,54,16,11,name.com,,
220db6f4-c45c-4c26-aa7c-c58ae4e92cb4,majorityproblem.moi,available,39.99,,50,0,16,name.com,,
221061b8-1256-45bb-a23f-029c41eb2925,rubbingoil.moi,available,39.99,,70,1,11,name.com,,
221bbdf1-1591-4323-933f-103290981934,sucked.moi,available,39.99,,54,4,6,name.com,,
2233a930-50b8-4594-990f-2f03f6a82325,workfare.moi,available,39.99,,72,1,8,name.com,,
2258be10-df2d-438f-97ba-af8d8f773963,IsleofMan.moi,premium,,,62,91,11,,,
2265d613-e4f0-4f79-8587-4e6ed04e02c6,socialliberal.moi,available,39.99,,60,2,14,name.com,,
226c250f-7182-482a-9f9c-30ed847a89a8,highresolution.moi,available,39.99,,64,3,15,name.com,,
226d00f3-35b1-4807-bd10-bbe371969b61,getsick.moi,available,39.99,,72,1,8,name.com,,
2275d8f1-9fea-4f3e-8e66-8effd62f34b7,snowballs.moi,available,25.99,25.99,59,7,9,namesilo,,
227e1726-087c-47ea-9d10-f39f075f923a,planes.moi,available,39.99,,67,13,6,name.com,,
22962f97-712e-488a-9e8c-ba384c1a6b11,WorldWarII.moi,premium,,,52,2,12,,,
22b0bba7-2ccf-49c7-b807-aa124684ef90,gotowork.moi,available,39.99,,72,4,10,name.com,,
22c29399-065e-4350-94c4-a4940062cb80,appreciative.moi,available,39.99,,74,2,12,name.com,,
22c5c19a-e006-40c4-903d-8f6fa64125e3,DakotaCity.moi,premium,,,60,4,11,,,
22c65cc3-bbdf-43bb-82a3-932d5e310fc2,CountyofRussell.moi,premium,,,42,1,17,,,
22c76863-27e1-485e-9237-7206b6b127cd,Friends.moi,premium,,,82,37,7,,,
22c86726-afc9-446c-bb5c-4b177ecda737,lies.moi,available,39.99,,60,12,4,name.com,,
22cf8e01-3333-4149-bf33-a89e83dc5f70,mynameis.moi,available,39.99,,50,11,10,name.com,,
22e35d22-7e8d-48dc-a173-0c44813647a1,snapping.moi,available,39.99,,70,4,8,name.com,,
22f03a25-987f-432c-bed0-78414fb7370b,NewTaipei.moi,premium,,,73,3,10,,,
22f08dd7-ad47-44a0-b31c-b5eb11966ce3,neckrest.moi,available,39.99,,56,1,9,name.com,,
2300d1e1-b91d-4685-bd27-7983082ebcba,motherfukka.moi,available,39.99,,66,1,11,name.com,,
2301cf01-35a0-42e1-8da6-7854db9e04cf,NewTestament.moi,premium,,,70,5,13,,,
2342d04c-4874-4054-84c2-3cf6dfd9d9d6,Ichooseviolence.moi,premium,,,44,1,17,,,
237286a1-870b-49a3-b18f-2e99d93d8a1a,deadofnight.moi,available,39.99,,52,2,13,name.com,,
2373aa58-12c3-44cb-b354-73b928929701,farmers.moi,available,39.99,,54,59,7,name.com,,
23864909-3acf-4dc0-b69a-9d4d26ffcb44,conventionally.moi,available,39.99,,50,1,14,name.com,,
2386c8ff-9faa-4c9f-8ce7-1d9be418f143,TheMall.moi,premium,,,68,10,8,,,
238dc45b-3882-4456-a77f-391b16e669f6,dropsomeonealine.moi,available,39.99,,70,0,19,name.com,,
23a03ce1-6340-4a83-a8ee-eb84bfb7f691,unsettles.moi,available,25.99,25.99,43,1,9,namesilo,,
23a571ce-960c-4ed3-a621-50b9792507bd,keepfrom.moi,available,39.99,,52,1,9,name.com,,
23ba64ce-d7e4-4f5b-bb9c-33cc65569490,getphysical.moi,available,39.99,,80,1,12,name.com,,
23baeab0-6ff6-4cbc-a219-c05ec815b278,manyisthetime.moi,available,39.99,,54,1,16,name.com,,
23d3de07-8a21-442d-ac5a-2f0423f309e0,pairofshears.moi,available,39.99,,59,1,14,name.com,,
23d3ff08-bc9f-4807-81fd-9953aaa3dc15,enlightenment.moi,available,39.99,,62,18,13,name.com,,
23e0b95b-0499-4548-9a35-1a17690c1e68,sameoldstuff.moi,available,39.99,,34,1,14,name.com,,
240309c1-7542-4bec-bf80-a613460e32ac,SanDiego.moi,available,25.99,25.99,74,29,9,namesilo,,
240d3176-0fb6-4f7c-b00f-3ad74da1c322,rakeout.moi,available,39.99,,66,1,8,name.com,,
2442a99e-9a49-41f2-9bbe-de602f55714f,breastfeeding.moi,available,39.99,,66,10,13,name.com,,
24501958-be28-4439-812f-06e67085baef,pillowcase.moi,available,39.99,,70,10,11,name.com,,
2457a32d-112d-4457-9057-d3cf8a7cf174,negotiations.moi,available,39.99,,56,6,12,name.com,,
2462085b-41ac-4ba0-84f6-ccf9c71ea3ff,blueberries.moi,available,39.99,,70,9,11,name.com,,
24661d0a-9974-45f1-9dea-7a0aac0c4e04,comeup.moi,available,39.99,,74,5,7,name.com,,
24759b50-8b84-482d-8ea2-2c412a0ae7b3,deeper.moi,available,39.99,,56,19,6,name.com,,
248c1531-87c5-4ec7-afb2-edeb0308dab4,closeoff.moi,available,39.99,,74,1,9,name.com,,
249a1777-3fcf-437a-be63-5f93e917ff45,windowdisplay.moi,available,39.99,,42,2,14,name.com,,
24a224b6-bc63-4166-a4ae-33a0ab36a94b,printmedia.moi,available,39.99,,78,6,11,name.com,,
24aaac39-545a-4d91-8584-d83c0cc36b95,pls.moi,available,39.99,,60,23,3,name.com,,
24d325a7-3b2e-478b-a28d-f40c638981fc,gettheidea.moi,available,39.99,,79,0,12,name.com,,
24df1cae-3e4e-4cd7-9b02-edb1e504b633,springshower.moi,available,39.99,,54,0,13,name.com,,
24e1a17d-d9a4-467c-8d8b-f873ddcca983,highspirits.moi,available,39.99,,76,8,12,name.com,,
24f1d6e7-1908-4786-8240-0b255a4fc866,jetpack.moi,available,39.99,,82,75,8,name.com,,
250dd859-61cc-4e86-9391-87aa92fcb77d,replied.moi,available,39.99,,58,4,7,name.com,,
2522366e-f32f-4a20-8327-f7fd0fac629f,legalheir.moi,available,39.99,,71,1,10,name.com,,
25274597-9e58-4d4e-bf58-db54cbbe6eee,gettheboot.moi,available,39.99,,70,1,12,name.com,,
2527a3a0-252a-444f-a729-732f99cdc047,invented.moi,available,39.99,,74,6,8,name.com,,
252a75ab-1a55-420d-a213-6447c0984c1e,graywolf.moi,available,39.99,,74,11,9,name.com,,
252d7e80-5d4d-4be6-84e8-f9ce00db8a16,goshknows.moi,available,39.99,,46,1,10,name.com,,
253f6854-0c53-4497-b13c-90cfd89562e3,mountaindew.moi,available,39.99,,74,7,12,name.com,,
255e689b-b3ed-43c1-9c7f-1a29051e6b57,comeintoplay.moi,available,39.99,,70,1,14,name.com,,
2574ba41-9965-4ad5-b24c-e18e22f9692c,earlyadopter.moi,available,39.99,,66,3,13,name.com,,
25764711-862b-44d5-bd35-c4e79638773c,masterofceremonies.moi,available,39.99,,60,2,20,name.com,,
257c0b6d-4767-435c-a1d3-4976e24412ab,ingredients.moi,available,39.99,,56,14,11,name.com,,
257fba30-444c-4917-974d-b95082923b4c,treating.moi,available,39.99,,70,3,8,name.com,,
259352a3-459f-410c-95ac-4208b310aa0e,electricaltape.moi,available,39.99,,64,1,15,name.com,,
259f123d-a853-4c8e-98f3-2e28fda583d5,coffeemilk.moi,available,39.99,,80,3,11,name.com,,
25a2053f-4575-4ca3-b6f3-40e7a38e7d4f,hardfeelings.moi,available,39.99,,58,4,13,name.com,,
25ab490e-7956-472d-af54-2b4eadb963a9,tornadoshelter.moi,available,39.99,,58,1,15,name.com,,
25b0c8ea-347a-4eab-91dd-ea1b8d588122,poreover.moi,available,39.99,,62,1,9,name.com,,
25b943fb-edf3-40fd-b62a-87d8028ac7c1,aunts.moi,available,39.99,,54,2,5,name.com,,
25bfa2be-c196-490f-9743-e9103ef9ed97,slipoff.moi,available,39.99,,65,1,8,name.com,,
25c0daab-19f7-4e6b-ad78-cb82466182af,illustrated.moi,available,39.99,,72,6,11,name.com,,
25c104e6-4cb7-428c-92d4-3c5b09ff1978,collarbone.moi,available,39.99,,66,3,11,name.com,,
25c4aaca-b3e5-47db-970d-09c4097f3c80,gonumberone.moi,available,25.99,25.99,40,1,13,namesilo,,
25c57f1b-14ac-4491-9666-888acc80ad18,yawned.moi,available,25.99,25.99,53,2,6,namesilo,,
25c5d11e-d6a8-46ab-ad7a-c36944a522ca,getmarried.moi,available,39.99,,88,5,11,name.com,,
25e4e687-6519-4c4d-8d9b-321e6f94832e,goplatinum.moi,available,39.99,,76,1,11,name.com,,
25eec41f-0727-4df3-89c2-05112a2ec288,stackup.moi,available,39.99,,64,11,8,name.com,,
260846f8-b9da-4589-9734-d7de1fc6476c,asofright.moi,available,39.99,,48,6,11,name.com,,
261f2971-44fe-4609-b796-b2b466c855e9,onejoke.moi,available,39.99,,70,1,8,name.com,,
261f7e6b-4ab2-4633-bbf0-70fa4a9a0519,getwiththetimes.moi,available,39.99,,69,1,18,name.com,,
2628cf42-3827-4a6f-a3fe-ef8744e47a7c,gascooker.moi,available,39.99,,52,1,10,name.com,,
262cdfe4-932d-4056-8500-135a92102fdb,givesomethingatry.moi,available,39.99,,68,12,20,name.com,,
26312525-dfb7-4cf3-91a5-2ef228a15b2a,endconsumer.moi,available,39.99,,68,1,12,name.com,,
2635f311-b0fd-4031-a9ae-f61e5cd44601,getlucky.moi,available,39.99,,84,10,9,name.com,,
263cfdc9-7667-4b92-9c50-a0c6a87edd42,scootover.moi,available,39.99,,66,2,10,name.com,,
2641ae6a-785a-4f25-9468-e46040ac7aa0,singletree.moi,available,39.99,,72,11,11,name.com,,
264a6214-849b-4c16-845f-b4d4d4829080,fitout.moi,available,39.99,,76,8,7,name.com,,
26505ea8-4094-49a4-950f-67058e581b93,popcornmovie.moi,available,39.99,,77,1,13,name.com,,
265e8e16-00b4-4b2c-8978-9a216fe17159,takecareof.moi,available,39.99,,80,11,12,name.com,,
26644958-cb56-40a9-800f-36bdeba65e66,holidays.moi,available,25.99,25.99,78,23,8,namesilo,,
2670e244-80b7-4ca1-a621-a8ea46c0fd3d,dogsbark.moi,available,39.99,,76,1,9,name.com,,
2679ce94-af12-414d-931a-5d8b4359473f,inthesameboat.moi,available,39.99,,48,2,16,name.com,,
268314a2-ea64-41cc-8a6e-7bc425f9ea09,secondarycare.moi,available,39.99,,69,1,14,name.com,,
2683f13d-079f-47ce-b1e5-94d3d9d66391,filefootage.moi,available,39.99,,74,1,12,name.com,,
269db953-877f-4aaa-856b-9b08c06d2cc1,thankyoucard.moi,available,39.99,,72,3,14,name.com,,
269dd849-923e-4d97-a8e4-7a246ef4a29f,holdings.moi,available,39.99,,52,14,8,name.com,,
26a02640-78a6-4fe6-9467-28b63fe862b4,highlighting.moi,available,39.99,,76,3,12,name.com,,
26a41e25-47b8-4aed-ac4f-8375150d5c3f,midFebruary.moi,premium,,,80,1,12,,,
26b34b5d-2129-4ba8-bd88-6cff4d5c960b,thedamn.moi,available,39.99,,38,1,8,name.com,,
26b71912-f402-4668-b081-352a3d698166,equations.moi,available,39.99,,54,5,9,name.com,,
26b862c9-da57-4732-843b-d1dad6e4a4af,boats.moi,available,39.99,,52,24,5,name.com,,
26b8ab58-7987-477f-836e-8c912bd6f3a5,Tools.moi,premium,,,56,40,5,,,
26b99c8d-377f-4d42-8881-02afb0486778,letterart.moi,available,39.99,,74,2,10,name.com,,
26db9718-6d7f-49a7-845b-2cccef6f7359,letslide.moi,available,39.99,,76,1,9,name.com,,
26e0e2a9-36cc-43ed-b0ac-c7fe911ab160,manysidedness.moi,available,39.99,,64,1,14,name.com,,
26e561a1-392a-4937-8d83-17f1561518ca,dowhat.moi,available,39.99,,68,10,7,name.com,,
270d6d11-e150-42a0-8932-2f2bc2bb95ad,HillCity.moi,premium,,,66,7,9,,,
27123073-3520-4658-9ad7-44470f4ed085,Cindy.moi,premium,,,80,15,5,,,
2719ae01-b8d5-44d4-9e4b-8ada1e51e730,letterofrecall.moi,available,39.99,,63,0,16,name.com,,
271f1dbb-6dc0-4f92-b477-be0b4831c7dd,pairofhands.moi,available,39.99,,64,1,13,name.com,,
271f4d02-9827-4dbc-b540-986a65df1343,comeinhot.moi,available,39.99,,76,5,11,name.com,,
2724a60e-6299-4240-9ad6-99de7e2f6e2f,intwominds.moi,available,39.99,,66,1,12,name.com,,
272568fd-0644-43bd-877d-1382e62404bb,overdressed.moi,available,39.99,,64,3,12,name.com,,
27309083-b027-432a-94b2-e71b9831bece,freezingrain.moi,available,39.99,,50,2,13,name.com,,
2739a799-3878-42c0-98d4-3214635663c5,proteins.moi,available,39.99,,52,8,8,name.com,,
273fa212-6cde-4a2d-9ff7-1176cd981718,sanctions.moi,available,25.99,25.99,52,8,9,namesilo,,
274b6261-4358-4273-875c-694fdcd8d129,gotoplan.moi,available,39.99,,66,1,10,name.com,,
274f027c-7839-4075-8939-8bd31bd34d07,cometoastop.moi,available,39.99,,62,1,14,name.com,,
2750aef8-cea3-4624-ba6f-b30606fe6a4b,references.moi,available,39.99,,58,9,10,name.com,,
276e1063-22ff-49ca-a808-24d47aa089f2,prettiest.moi,available,39.99,,62,4,9,name.com,,
27937056-5bdd-4a4a-a693-0f5d7f1a8911,letout.moi,available,39.99,,77,3,7,name.com,,
27969035-7c03-424d-8035-7b13a6e495c0,leavesomeonecold.moi,available,39.99,,58,4,18,name.com,,
279cad03-e2e7-44b0-be57-03d6117d3d3f,generalpractice.moi,available,39.99,,68,4,16,name.com,,
279edf83-4bc2-4f26-8f44-88daa840d4c7,sportsday.moi,available,39.99,,80,4,10,name.com,,
27a930dc-e8d5-47c9-bcb0-8ac5172181f2,sophistication.moi,available,39.99,,70,3,14,name.com,,
27b1202c-e746-496a-9c5b-0ccb7634d957,tohell.moi,available,39.99,,51,2,7,name.com,,
27b7418e-13f1-4155-bd0f-9f01f9932b73,reservation.moi,available,39.99,,65,19,11,name.com,,
27d00022-e073-4bc5-8bf5-209cc3bcc2a6,gogreen.moi,available,39.99,,56,28,8,name.com,,
27d407b7-c086-4512-9266-94a95b2a06fe,pushabout.moi,available,39.99,,70,1,10,name.com,,
27d6025d-e382-4506-9396-bd3967b2d888,tabs.moi,available,25.99,25.99,46,19,4,namesilo,,
27e4ba4b-7976-489d-939d-99ce2644ac6e,strongpersonality.moi,available,39.99,,72,0,18,name.com,,
27ece864-5378-466f-bb4b-41bb0271c37a,goeasy.moi,available,39.99,,76,11,7,name.com,,
27f600c6-e8cf-4996-87ac-fa4181d51b99,goround.moi,available,39.99,,68,3,8,name.com,,
280709eb-815f-4257-aa30-149a0f49fe79,prosecution.moi,available,39.99,,68,9,11,name.com,,
28273956-5714-4e28-b138-aa8abee3612f,Ispin.moi,premium,,,76,5,6,,,
2837ecd4-8597-4c4f-a25b-d48032143d8c,atthispoint.moi,available,39.99,,65,1,13,name.com,,
2852b4b1-c7bb-4972-b6fd-a3cef0b85f6e,makesenseof.moi,available,39.99,,52,1,13,name.com,,
28611b3f-c58a-46b6-8ebd-184f5925e577,pattycase.moi,available,39.99,,68,0,10,name.com,,
286b9733-9d8c-43ad-b12b-9044141101a8,changethechannel.moi,available,39.99,,62,1,18,name.com,,
286c0397-88f3-4e1d-91f1-8d1054792bf1,trucks.moi,available,39.99,,55,19,6,name.com,,
2874acd0-c192-4f87-9d27-5bc68685cd8b,streetnumber.moi,available,39.99,,62,1,13,name.com,,
287c715e-ca08-40d8-bff6-f790861f7964,bendystraw.moi,available,39.99,,80,1,11,name.com,,
2890bc09-6623-4e69-a9ed-1c76df529b2b,families.moi,available,39.99,,58,17,8,name.com,,
28958e3e-f343-4f6c-9b00-35f78e1e3111,taketowife.moi,available,39.99,,68,1,12,name.com,,
28a195cb-adb0-47ec-bd42-aeba7afbb960,policymaker.moi,available,39.99,,80,3,12,name.com,,
28d3bb2e-3da1-4f50-943c-92f55b10d70f,givethegreenlight.moi,available,39.99,,54,1,20,name.com,,
28d3dd2f-d33a-4720-b492-5d0d6b712549,politicians.moi,available,25.99,25.99,44,7,11,namesilo,,
28d9f7a5-731c-43e2-b49f-8d7c9a8ae3b6,exclaimed.moi,available,39.99,,50,2,9,name.com,,
28e6ac5f-6394-485a-884b-dae1edb6ed68,owns.moi,available,39.99,,56,8,4,name.com,,
28f88ba5-6305-4950-886c-dc6a0834b55b,racetrack.moi,available,39.99,,77,10,10,name.com,,
28fac6b5-5405-4901-a005-ac144339a78e,nuthin.moi,available,39.99,,62,2,6,name.com,,
28fe5c26-bdca-4650-93f6-d4c56f6f12c4,geartowards.moi,available,39.99,,70,0,12,name.com,,
29021820-061f-4d7b-a63a-dcb140dc2c2a,slipped.moi,available,39.99,,70,3,7,name.com,,
2910e19c-334a-464e-b542-4afa61d25b41,sisterinlaw.moi,available,39.99,,64,1,13,name.com,,
292d09f3-fd91-40b1-b88d-de47e7e42652,Lordhavemercy.moi,premium,,,54,2,15,,,
29305a6d-36a1-453d-8ce7-08ae3b912873,closequarters.moi,available,39.99,,64,4,14,name.com,,
2931e1bc-fb31-4f0e-b4b6-1cbdd38390ac,uncomfortably.moi,available,39.99,,46,2,13,name.com,,
29379d07-1330-4288-87f5-1be08478ec7e,totime.moi,available,39.99,,47,2,7,name.com,,
2969b7f3-2d6d-42c7-9fb4-2906b7e0a53d,notifies.moi,available,39.99,,50,3,8,name.com,,
2969c07e-3f57-49ae-911a-32ad67377617,devoting.moi,available,39.99,,56,2,8,name.com,,
29770767-d247-4086-802e-41a381dabbdc,eachway.moi,available,39.99,,68,2,8,name.com,,
298590f2-ff6c-4c9c-88fa-2993d91c840f,screwloose.moi,available,39.99,,60,4,11,name.com,,
29a1e67f-0162-434d-89e5-23c189a11685,Ispy.moi,premium,,,76,14,5,,,
29a2c9c1-5f2f-4816-b0a7-cc3c38c90084,keytothecity.moi,available,39.99,,70,6,15,name.com,,
29a479ca-a756-4248-88a3-0de64cad3046,publicservant.moi,available,39.99,,68,2,14,name.com,,
29bad906-3377-4485-842f-285ce2ab831e,tossacoin.moi,available,39.99,,73,7,11,name.com,,
29d61c84-aaf3-4eed-9b36-de874325ef21,warmblooded.moi,available,39.99,,73,1,12,name.com,,
29e77836-f4fb-44de-92eb-60b66d783de5,thoughts.moi,available,39.99,,65,18,8,name.com,,
29ef5ed9-df5c-4bf2-b00f-8ab629e80c50,dothemath.moi,available,39.99,,72,4,11,name.com,,
29f83900-0bb6-4118-89fc-34653387bbec,brings.moi,available,39.99,,52,8,6,name.com,,
29fc9a8f-f8b4-4d0e-be66-254d992563b0,tightfitting.moi,available,39.99,,56,1,13,name.com,,
29fcdca6-2858-4597-945a-c30af9fb3713,returnticket.moi,available,39.99,,72,2,13,name.com,,
2a04a782-6e88-4683-9dac-391e56b14ac3,artgalleries.moi,available,25.99,25.99,57,4,13,namesilo,,
2a09a44a-c024-4709-a56b-f3808e25d3e0,blazeaway.moi,available,39.99,,76,1,10,name.com,,
2a2cb2d0-1c2f-4685-93d0-849994e33814,seems.moi,available,39.99,,58,8,5,name.com,,
2a326e2c-0f1e-4437-8274-7d97289d7680,communityservice.moi,available,39.99,,72,5,17,name.com,,
2a490bcc-e333-46c1-b6b0-1f640b0c2459,shoulders.moi,available,39.99,,60,9,9,name.com,,
2a632769-1aa2-4c5f-a93d-6a9d85d8cf18,organdonation.moi,available,39.99,,72,2,14,name.com,,
2a75cec9-c531-4be8-b264-80a0f8a806b8,tickledpink.moi,available,39.99,,75,14,12,name.com,,
2a897719-da85-46d8-8a9e-9f96947f5215,reacted.moi,available,25.99,25.99,52,3,7,namesilo,,
2a89acad-5b5e-4b97-adf9-d19e65740fdd,writes.moi,available,39.99,,56,9,6,name.com,,
2a916d7a-5a93-4a97-8d97-25e8a9e01da4,officials.moi,available,39.99,,49,8,9,name.com,,
2a962b7e-8d2c-4989-8a8f-e162e0bd4a4d,childofthemanse.moi,available,39.99,,60,6,18,name.com,,
2a965603-0097-4c7a-9097-1da199d87dc6,howgoesthewar.moi,available,39.99,,42,1,16,name.com,,
2a99981c-ff0a-48d9-9336-ec4e25fe59a6,childmolestation.moi,available,39.99,,48,7,17,name.com,,
2a9f549f-8eb4-4091-b4f2-b8b008c1592f,takeajoke.moi,available,39.99,,76,1,11,name.com,,
2ac0103c-c031-4b68-a7de-22cff619f6ac,mostoften.moi,available,39.99,,56,0,10,name.com,,
2ac28cbf-13eb-43be-8101-20a172af2cbc,independenceday.moi,available,39.99,,78,5,16,name.com,,
2af0cf6e-95f7-47bc-8460-5adeebb6fda9,takebystorm.moi,available,39.99,,70,0,13,name.com,,
2af9f4d7-ab89-43e2-921c-a157900f4343,senses.moi,available,39.99,,63,13,6,name.com,,
2b00343e-6853-42a7-ab62-c6e8bfaf8068,sterilization.moi,available,39.99,,66,3,13,name.com,,
2b195734-b3d5-4c3b-9b8f-56e225d1e673,alternatively.moi,available,39.99,,58,9,13,name.com,,
2b279708-561a-4895-8d4f-8bb94d90b5e7,advantageground.moi,available,39.99,,48,0,16,name.com,,
2b2b07c5-ca4e-4e7b-b516-b41fcc1c5953,hammeraway.moi,available,39.99,,66,0,11,name.com,,
2b4a2e90-858e-4b9a-96b0-e49dc6e0e884,makethedifference.moi,available,39.99,,72,3,19,name.com,,
2b53bf0f-36f8-43f8-a869-f70f9bf4290f,landedestate.moi,available,39.99,,42,1,13,name.com,,
2b598eb3-f7e6-41dc-b2e3-10939aa5b246,sleepwith.moi,available,39.99,,65,1,10,name.com,,
2b6391b6-0da9-4326-bf02-b606252ebec8,studies.moi,available,39.99,,72,13,7,name.com,,
2b69917f-e440-4f01-9813-bd1a00a6a721,somekinda.moi,available,39.99,,66,1,10,name.com,,
2b700c9b-3f8c-4a59-b19d-a3520e07bb28,investmentbanking.moi,available,39.99,,66,7,18,name.com,,
2b774b23-dcf8-4296-a3e5-47f4d2a17779,UnitedKingdom.moi,premium,,,64,92,14,,,
2b813c3c-1488-43a1-98f4-eb7d9b4cc59a,granddaughterinlaw.moi,available,39.99,,76,5,20,name.com,,
2b81667a-479f-492b-8d8d-12feb79adefb,Ilostmywallet.moi,premium,,,50,1,16,,,
2b9141c5-b23d-4f1c-ae8a-8b14c46c91ff,tothinkthat.moi,available,39.99,,44,2,13,name.com,,
2ba0bdc9-a2f9-442a-87f0-c6500a954f6b,enterthescene.moi,available,39.99,,62,1,15,name.com,,
2ba239dc-9463-4a61-a815-985dd34f0e92,balls.moi,available,39.99,,58,20,5,name.com,,
2bb424db-b0cb-46a0-9102-791d4a8bc97d,privateeye.moi,available,39.99,,53,4,11,name.com,,
2bb539a3-066c-4286-8b38-2cc15c740527,manyeyed.moi,available,39.99,,68,1,9,name.com,,
2bc226f6-391f-4996-b2e7-fea9fa68a712,jumps.moi,available,39.99,,73,12,5,name.com,,
2bd2dc57-50c6-4f0b-985a-cfa1c947421b,gobackalongway.moi,available,39.99,,66,1,18,name.com,,
2bef6896-a0d3-4c74-8ed6-e283348caa87,Frenchloaf.moi,premium,,,74,2,11,,,
2bf490bf-616c-4b92-a619-39642fdaceec,goout.moi,available,39.99,,72,17,6,name.com,,
2bfaf6c9-cfca-4fc6-a7f2-4f8108d9b384,authorityfigure.moi,available,39.99,,60,1,16,name.com,,
2bffbee2-7691-41d4-b4cd-39aa3ab83521,penetration.moi,available,39.99,,64,8,11,name.com,,
2c166c85-fb16-44c8-9fdb-53b8e61138c7,choices.moi,available,39.99,,60,12,7,name.com,,
2c205c13-5045-4a66-b85b-ddef12ba0023,butif.moi,available,39.99,,44,1,6,name.com,,
2c236b3d-b8cf-4ffd-ac4a-c85680f062a5,manycoloured.moi,available,39.99,,60,1,13,name.com,,
2c377217-d349-4fe9-aff7-982d382d07a7,youguys.moi,available,39.99,,58,11,8,name.com,,
2c50d943-5d81-4470-8ed0-44a5d8db7715,primadonna.moi,available,39.99,,68,9,11,name.com,,
2c580e68-f585-4270-9498-2891da8be02d,fittogether.moi,available,39.99,,80,4,12,name.com,,
2c5b57df-be34-4bf5-9c0a-2ad3fe33be7f,stepinto.moi,available,39.99,,52,5,9,name.com,,
2c5d9f28-9c49-41dc-b2b7-380c46ba0e7b,TahoeCity.moi,premium,,,59,4,10,,,
2c6a9ad8-9365-42e1-91e3-1973e03371d0,adviseable.moi,available,39.99,,70,1,10,name.com,,
2c933717-d40a-4f5e-94e2-1bf54569dbe0,lightningstrike.moi,available,39.99,,60,3,16,name.com,,
2c9e7830-9b4a-4b1e-81a7-d3f781550ec9,atthemoment.moi,available,39.99,,70,3,13,name.com,,
2ca03166-6df9-4ddf-ba18-5b4c8b23c83b,lactosefree.moi,available,39.99,,74,3,12,name.com,,
2ca4e2ed-ac1e-4819-bcd1-094ec195b891,kicks.moi,available,39.99,,77,15,5,name.com,,
2cc0fa14-d27f-46b6-9a07-7885485f8e6d,LongBeach.moi,premium,,,62,11,10,,,
2ccab56f-2eaf-43e1-a83b-4ad93d2764ff,childclass.moi,available,39.99,,50,1,11,name.com,,
2ce19d1f-bdd3-4848-b8e8-13a95936d6b6,tunafish.moi,available,39.99,,74,3,9,name.com,,
2cfb1231-8ce0-4927-bfd9-05e9eed7e87d,grassroots.moi,available,39.99,,70,21,11,name.com,,
2d027f53-474d-43c7-af09-a9c6da28d8e7,Obamacare.moi,premium,,,66,8,10,,,
2d240a00-39c6-481f-8901-d6178f9f193c,invogue.moi,available,39.99,,70,6,8,name.com,,
2d2da33a-ac6d-47ed-9e02-f0a28524d6c9,cherryblossom.moi,available,39.99,,78,20,14,name.com,,
2d325488-74a7-4392-9a12-15e7a90b6eb0,goby.moi,available,39.99,,74,9,5,name.com,,
2d356429-f540-46fb-a959-6e6ced87cde9,rulesarerules.moi,available,39.99,,58,0,15,name.com,,
2d5577e0-251d-4b7e-9aeb-5ef27d0699d6,explains.moi,available,25.99,25.99,50,4,8,namesilo,,
2d6797a7-c3b8-481f-8814-55bdfdbf987e,sobeit.moi,available,39.99,,52,5,8,name.com,,
2d6d64a7-eaef-4548-bf8f-99904df2a982,Internetlike.moi,premium,,,70,1,12,,,
2d6ee39c-47f2-4663-9dbc-03011644b294,entered.moi,available,39.99,,50,4,7,name.com,,
2d7858ba-2a6a-4f2b-9030-7cbcde4902d8,Cadillac.moi,premium,,,78,18,8,,,
2d7fc9c4-608d-4583-bbdf-a135067f7e0c,pieceofpaper.moi,available,39.99,,62,4,14,name.com,,
2d9662b9-5549-4645-9f17-d036e59c2235,properties.moi,available,39.99,,58,19,10,name.com,,
2d96ef90-780b-4a15-b80a-7895c3e26d68,pokeabout.moi,available,39.99,,68,1,10,name.com,,
2d9e92d4-c602-4462-9943-fedc86f8ab20,GrandExchange.moi,premium,,,56,5,14,,,
2dc0dd1c-52cb-4ec0-8a3d-d3ae95abc9de,covid.moi,available,39.99,,74,23,5,name.com,,
2ddb3056-adca-417c-bd3b-c5526b576b78,stirup.moi,available,39.99,,82,3,7,name.com,,
2de007f1-5e3d-4d30-88ab-6772ad05c755,desktoppublishing.moi,available,39.99,,66,3,18,name.com,,
2decb1b6-a830-4192-a03c-e04d672b2208,makethenews.moi,available,39.99,,72,2,13,name.com,,
2e144acc-f9b1-4263-b049-108be859b04b,CountyofLanark.moi,available,25.99,25.99,42,1,16,namesilo,,
2e1c6df7-417a-4986-9f82-3e560bc0ea2f,hangup.moi,available,39.99,,68,5,7,name.com,,
2e2855f4-e023-4cf5-bda4-eceec0c2c721,children.moi,available,39.99,,68,21,8,name.com,,
2e298fc4-1558-47fb-bf1c-2fc0a6344027,onthebasisof.moi,available,39.99,,46,1,15,name.com,,
2e30ce7d-7c32-46d2-99aa-425db06d8199,mosquitoes.moi,available,39.99,,42,4,10,name.com,,
2e494bc2-f11a-49f0-9a0f-b1ebc63003af,sentences.moi,available,39.99,,60,5,9,name.com,,
2e4cb35c-d1e8-4b14-baef-5809a5bd8453,shares.moi,available,39.99,,58,18,6,name.com,,
2e6b2f6a-9a23-4a4d-a008-99c7229f09fa,getoveron.moi,available,39.99,,72,1,11,name.com,,
2e714ed0-6a44-412f-911f-4a9efaf952d3,inthepipeline.moi,available,39.99,,42,2,15,name.com,,
2ea7cc79-75ba-4f74-b324-a9f08c00c5af,CountyofHudson.moi,premium,,,44,1,16,,,
2ec55a92-ccb3-41f2-b9db-3ec4291cc553,manyandvarious.moi,available,39.99,,46,2,16,name.com,,
2ed3ce5e-c8a4-4d95-b6a2-214650ba46f3,segregation.moi,available,39.99,,62,2,11,name.com,,
2ed5f9b7-3436-4bcc-ae11-184e05bbed32,isles.moi,available,25.99,25.99,52,7,5,namesilo,,
2edc7a43-a12e-4139-9ac1-ad8da0a9b649,deterioration.moi,available,39.99,,48,1,13,name.com,,
2ee731b5-baee-4a14-bbaa-fc7e5cdf7881,undeveloped.moi,available,39.99,,64,4,11,name.com,,
2eed1add-a196-4584-8f48-30bb17b58bb1,calculation.moi,available,39.99,,70,7,11,name.com,,
2ef1e74c-0e30-433b-8109-2b15f254e1b8,Iknow.moi,premium,,,58,26,6,,,
2f004c3c-7267-4db1-8a7b-c370da6376ad,BlackThursday.moi,premium,,,44,11,14,,,
2f02e892-b84b-48e2-bc69-2d0698d9c8ac,toothwork.moi,available,39.99,,66,3,9,name.com,,
2f114c8e-0d50-4861-9433-077aac54bab6,Seals.moi,premium,,,66,14,5,,,
2f12a2c5-5dff-4349-a231-c8ce40d52df4,studentloan.moi,available,39.99,,70,9,12,name.com,,
2f15b8a7-8caa-49f3-ac8b-462b2aa383ae,makethecut.moi,available,39.99,,78,3,12,name.com,,
2f2405ed-26e7-4080-85ae-2a3f6b9e6bce,beall.moi,available,39.99,,66,10,6,name.com,,
2f3a5a88-af16-4659-b045-ce652e50fc86,PlayStation.moi,premium,,,84,81,11,,,
2f567e5f-6bea-4aca-8865-36699bb273d6,alcoholics.moi,available,25.99,25.99,38,4,10,namesilo,,
2fa65590-0f74-4a28-a699-e520b09d77d9,securing.moi,available,39.99,,62,8,8,name.com,,
2fadc330-ffa3-41c5-85f5-5cc93586b0b2,makefor.moi,available,39.99,,74,2,8,name.com,,
2fc62a9c-04d3-4a76-98f3-008472f6107f,gettothebottomof.moi,available,39.99,,66,1,20,name.com,,
300664b7-c27e-40f1-9f8e-ec83065eac90,pictures.moi,available,39.99,,82,17,8,name.com,,
30081778-a9bf-4146-8822-51bea97cea07,veggiedog.moi,available,39.99,,74,2,10,name.com,,
30088bd7-9fe4-489b-b63d-ae0b1b48a4ee,noless.moi,available,39.99,,62,4,7,name.com,,
3013688b-86e3-4b58-8b29-fd58081365c6,died.moi,available,39.99,,40,6,4,name.com,,
30198327-e2dd-4c20-9cc0-cf5882713b5b,letwellalone.moi,available,39.99,,47,1,14,name.com,,
30493467-573e-4a13-a9a4-371c4734738d,schoolboard.moi,available,39.99,,76,6,12,name.com,,
304d34e7-476b-4a88-9a26-3627811ae6e2,handdown.moi,available,39.99,,76,5,9,name.com,,
3066a428-5efa-486d-a1fe-b919149d7c39,tabletennis.moi,available,39.99,,80,14,12,name.com,,
306ff812-f546-45ed-ad67-a6cd7d022136,leaveon.moi,available,39.99,,80,1,8,name.com,,
307d5f0a-9d45-4bf0-bded-483b0910bbf3,inprivate.moi,available,39.99,,70,3,10,name.com,,
3096ddf6-5f8a-46ca-ac44-6110b4e0b980,talktime.moi,available,39.99,,72,10,9,name.com,,
30a471a5-7edf-4c94-bb22-3e21b43cf988,takepart.moi,available,39.99,,80,5,9,name.com,,
30a61f63-400f-4bfb-9372-c41cf6eb100b,getthedoor.moi,available,39.99,,76,0,12,name.com,,
30adb1ea-62b0-409e-956b-9637ce4b7668,werewolves.moi,available,25.99,25.99,44,7,10,namesilo,,
30ae1589-7d2f-4aee-b8bf-dbf9288c7496,hardatwork.moi,available,39.99,,78,1,12,name.com,,
30b453d3-5ec6-4b90-9f66-c23097b7a012,theseones.moi,available,39.99,,42,0,10,name.com,,
30d7fa25-f561-4d48-8a7d-7512d82529ff,givenotice.moi,available,39.99,,72,12,11,name.com,,
30d9dc9e-8c27-44be-ae50-302ef405a58b,inthreedays.moi,available,39.99,,44,1,13,name.com,,
31093c86-fd21-42aa-8cfc-65b242c5b01f,goodbet.moi,available,39.99,,74,9,8,name.com,,
310ba4e3-4ff9-43df-b850-8002510a1c21,glanced.moi,available,39.99,,52,4,7,name.com,,
3113bce9-8b01-4d24-b1bb-cf07086c5853,travelers.moi,available,25.99,25.99,58,61,9,namesilo,,
311ac3f3-9ca4-49de-81a7-42f18e1eb8d7,waited.moi,available,39.99,,58,3,6,name.com,,
311af50e-bc07-49be-b967-e2cc7c44df9b,fanclub.moi,available,39.99,,84,20,8,name.com,,
311b004a-82c6-4ca8-9159-6122f7e85c51,vitamins.moi,available,25.99,25.99,60,17,8,namesilo,,
311b19b1-c90c-42c3-a0bf-ddccb8958d28,breatheeasy.moi,available,39.99,,78,7,12,name.com,,
31303c51-2ea4-48b7-a376-19942f04770d,alcoholaddiction.moi,available,39.99,,50,3,17,name.com,,
313e8de2-d618-482f-ba3c-9e60bfa4adac,grayhaired.moi,available,39.99,,64,5,11,name.com,,
313eefc2-9999-405f-bd1b-1bc9d41b62d5,TheBahamas.moi,premium,,,70,66,11,,,
31415acc-074f-4860-8398-209297f3ac52,participating.moi,available,39.99,,58,3,13,name.com,,
3142331d-ac3b-4f73-bec9-c7fbfadcbdd6,breaks.moi,available,39.99,,52,10,6,name.com,,
3167733e-c1b5-40b8-9f5c-21c1b9d1456e,newage.moi,available,39.99,,56,32,7,name.com,,
31878e90-2978-4777-9125-142f792bb52a,StClair.moi,premium,,,68,7,9,,,
319141ee-0ac6-42e3-9ece-13c7bd43625f,fellowman.moi,available,39.99,,70,2,10,name.com,,
31995891-a571-4bd6-85a9-2c0b62671eae,manysortedlogic.moi,available,39.99,,64,1,17,name.com,,
31a95356-314a-4ffe-9d45-1d253963974b,keepcompany.moi,available,39.99,,82,2,12,name.com,,
31c2e58e-a64c-4576-aaea-6c2b00e25e4f,turtleneckcollar.moi,available,39.99,,69,1,17,name.com,,
31e4e204-24f7-4a71-a25e-763480e31d63,whitesauce.moi,available,39.99,,72,11,11,name.com,,
31e92bd6-2128-4f12-8346-36a87b85f629,bedframe.moi,available,39.99,,80,3,9,name.com,,
31ea7ef7-8de1-4dd3-a5a1-04260e2542bb,oaktrees.moi,available,25.99,25.99,56,3,9,namesilo,,
31eb85ea-3300-4bd1-8b68-0ea111164726,eventhough.moi,available,39.99,,58,2,11,name.com,,
31f32e2b-7aa2-4319-9fae-ffd2689f2fc7,makesomethingof.moi,available,39.99,,70,0,17,name.com,,
3203127e-a4ee-4751-a563-fa294201b139,LordofChristmas.moi,premium,,,54,1,17,,,
32255b25-378c-4ce5-af21-874506cd2d1d,backtooth.moi,available,39.99,,70,2,10,name.com,,
3226e15a-be93-4c58-ae56-9907a1bb5863,amplifies.moi,available,39.99,,56,2,9,name.com,,
3232448a-eabe-45f7-b56f-8570fc7e80a7,fruitwine.moi,available,39.99,,84,2,10,name.com,,
32486adc-d4c0-4437-8069-eab73ed9d4b8,getovertheline.moi,available,39.99,,69,1,17,name.com,,
3249ff62-c986-4360-a09e-fcbfead58350,yourhead.moi,available,39.99,,48,1,9,name.com,,
32513b94-4481-4c13-a96f-c5f0a554edb0,Godforbid.moi,premium,,,62,3,10,,,
32531d1a-0925-4cb3-bf44-ec723d8a5d31,dateofdeath.moi,available,39.99,,56,1,13,name.com,,
325afc56-db21-4f6b-927e-1608c02f9c4b,boomorbust.moi,available,39.99,,68,7,12,name.com,,
325d141d-beca-4282-b5b2-43b6c3d98966,asthewindblows.moi,available,39.99,,40,1,17,name.com,,
32710c0e-8803-455f-9c84-62b3ce7fbda7,falltotheground.moi,available,39.99,,58,1,18,name.com,,
32832811-62fb-43a0-87ad-6912bc4e88f2,nonewsisgoodnews.moi,available,39.99,,60,1,20,name.com,,
32b5e12e-964a-48a2-844d-d847b041d22d,insummation.moi,available,25.99,25.99,50,1,12,namesilo,,
32da8e11-75a4-48fe-b64e-2fdfab3b06b4,headtotoe.moi,available,39.99,,66,4,11,name.com,,
32e19a66-3f21-41e6-ae28-89edec285f90,sailed.moi,available,39.99,,76,4,6,name.com,,
32e1c41f-c275-4fd8-a4ab-a6b7b950c901,coffeeglass.moi,available,39.99,,80,1,12,name.com,,
32ed9326-7850-40bd-9b03-fa0107dd3db2,lookupto.moi,available,39.99,,82,2,10,name.com,,
32f3209c-a188-424d-b29e-6a29bad548ea,Irestmycase.moi,premium,,,50,9,14,,,
3310a771-d6f1-4995-9ce7-7e896bc45387,wordis.moi,available,39.99,,60,2,7,name.com,,
333473fe-8fc4-491e-bd5a-26239acb76ec,moveforward.moi,available,39.99,,76,9,12,name.com,,
3351f715-4143-4aa4-ab34-96bb3906c66b,CincodeMayo.moi,premium,,,68,7,13,,,
33593eb1-88ef-4c2e-9058-380d5fa43418,motorsports.moi,available,39.99,,74,13,11,name.com,,
337bcd00-fb17-4566-806e-43883dc8a3be,hanginthere.moi,available,39.99,,54,3,13,name.com,,
3398b5a8-fca6-49a6-8cfa-081dc43026d0,tended.moi,available,25.99,25.99,50,7,6,namesilo,,
33a2e030-5138-4cbf-91f2-d0a6ab3876b3,muckabout.moi,available,39.99,,62,1,10,name.com,,
33c21a67-3860-45dd-8023-9b7e089115a1,ticketwindow.moi,available,39.99,,62,3,13,name.com,,
33c868af-55c3-48f9-ae88-8444731eaedd,vans.moi,available,25.99,25.99,55,17,4,namesilo,,
33ce563c-a400-4ad5-bb2a-635f3a2cedf9,alcoholproblem.moi,available,39.99,,30,1,15,name.com,,
33dc06a0-e6db-4f50-941d-4afc06d679fb,convinced.moi,available,39.99,,70,5,9,name.com,,
33dedc27-af1a-46d4-93bd-739a0e782188,computers.moi,available,39.99,,68,19,9,name.com,,
33e307ef-2a05-46c2-b85d-45b7b561b3a4,smiths.moi,available,25.99,25.99,50,16,6,namesilo,,
33fe53ca-1b85-4a58-8e79-f4ce422f4c7a,TyphoidMary.moi,premium,,,59,1,12,,,
340770f1-31d7-4083-8658-c1bff49b380e,Christmascard.moi,premium,,,72,4,14,,,
34219deb-ffe8-4ec9-ab1c-022ebc825946,hardcoded.moi,available,39.99,,70,8,10,name.com,,
34488d59-84e9-4c31-9b8b-b1f84aed1e06,strikeablow.moi,available,39.99,,70,0,13,name.com,,
3455d8cc-c4de-45b3-8c1b-154dd4a6f68f,gothrough.moi,available,39.99,,70,2,10,name.com,,
346c7fa7-6cd1-4f2b-826a-5076b04b986d,differed.moi,available,25.99,25.99,48,2,8,namesilo,,
346cbc7e-8236-4c87-ad6a-ca8f9b372906,comeoutontop.moi,available,39.99,,68,0,15,name.com,,
3470317f-85b6-472f-b9ae-5744f13501ef,inthedistance.moi,available,39.99,,52,2,15,name.com,,
3475cbfc-14d3-49c9-9db0-0964c95abddc,trios.moi,available,25.99,25.99,50,9,5,namesilo,,
34794bc5-f549-4003-bf83-1fccb780d380,crowns.moi,available,39.99,,62,11,6,name.com,,
348ded18-6483-4cd5-8c78-6b0c54584dbe,gaslit.moi,available,39.99,,64,6,6,name.com,,